brand,model,battery_capacity_(mah),screen_size_(inches),resolution_x,resolution_y,processor,RAM_(MB),internal_storage_(GB),rear_camera,front_camera,OS,number_of_sims,price
OnePlus,7T Pro McLaren Edition,4085,6.67,1440,3120,8,12000,256.0,48.0,16.0,Android,2,58998
Realme,X2 Pro,4000,6.5,1080,2400,8,6000,64.0,64.0,16.0,Android,2,27999
Apple,iPhone 11 Pro Max,3969,6.5,1242,2688,6,4000,64.0,12.0,12.0,iOS,2,106900
Apple,iPhone 11,3110,6.1,828,1792,6,4000,64.0,12.0,12.0,iOS,2,62900
LG,G8X ThinQ,4000,6.4,1080,2340,8,6000,128.0,12.0,32.0,Android,1,49990
OnePlus,7T,3800,6.55,1080,2400,8,8000,128.0,48.0,16.0,Android,2,34930
OnePlus,7T Pro,4085,6.67,1440,3120,8,8000,256.0,48.0,16.0,Android,2,52990
Samsung,Galaxy Note 10+,4300,6.8,1440,3040,8,12000,256.0,12.0,10.0,Android,2,79699
Asus,ROG Phone 2,6000,6.59,1080,2340,8,8000,128.0,48.0,24.0,Android,1,37999
Xiaomi,Redmi K20 Pro,4000,6.39,1080,2340,8,6000,128.0,48.0,20.0,Android,2,23190
Oppo,K3,3765,6.5,1080,2340,8,6000,64.0,16.0,16.0,Android,2,23990
Realme,X,3765,6.53,1080,2340,8,4000,128.0,48.0,16.0,Android,2,14999
Xiaomi,Redmi K20,4000,6.39,1080,2340,8,6000,64.0,48.0,20.0,Android,2,19282
OnePlus,7 Pro,4000,6.67,1440,3120,8,6000,128.0,48.0,16.0,Android,2,39995
Oppo,Reno 10x Zoom,4065,6.6,1080,2340,8,6000,128.0,48.0,16.0,Android,2,36990
Realme,3 Pro,4045,6.3,1080,2340,8,4000,64.0,16.0,25.0,Android,2,13999
Huawei,P30 Pro,4200,6.47,1080,2340,8,8000,256.0,40.0,32.0,Android,2,54280
Xiaomi,Redmi Note 7 Pro,4000,6.3,1080,2340,8,4000,64.0,48.0,13.0,Android,2,9799
Huawei,Mate 20 Pro,4200,6.39,1440,3120,8,6000,128.0,40.0,24.0,Android,2,63990
LG,V40 ThinQ,3300,6.4,1440,3120,8,6000,128.0,12.0,8.0,Android,2,29999
OnePlus,6T,3700,6.41,1080,2340,8,6000,128.0,16.0,16.0,Android,2,31999
Apple,iPhone XR,2942,6.1,828,1792,6,3000,64.0,12.0,7.0,iOS,2,45499
Apple,iPhone XS Max,2658,6.5,1242,2688,6,4000,64.0,12.0,7.0,iOS,2,69999
Apple,iPhone XS,2658,5.8,1125,2436,6,4000,64.0,12.0,7.0,iOS,2,59999
Google,Pixel 3 XL,3430,6.3,1440,2960,8,4000,64.0,12.2,8.0,Android,1,47990
Google,Pixel 3,2915,5.5,1080,2160,8,4000,64.0,12.2,8.0,Android,1,37999
Asus,ROG Phone,4000,6.0,1080,2160,8,8000,128.0,12.0,8.0,Android,2,69999
Samsung,Galaxy Note 9,4000,6.4,1440,2960,8,6000,128.0,12.0,8.0,Android,2,56999
LG,G7+ ThinQ,3000,6.1,1440,3120,8,6000,128.0,16.0,8.0,Android,2,37999
Asus,ZenFone Max Pro M1,5000,5.99,1080,2160,8,3000,32.0,13.0,8.0,Android,2,9990
Huawei,P20 Pro,4000,6.1,1080,2240,8,4000,64.0,40.0,24.0,Android,2,49990
OnePlus,6,3300,6.28,1080,2280,8,6000,64.0,16.0,16.0,Android,2,34999
Asus,ZenFone 5Z (ZS620KL),3300,6.2,1080,2246,8,4000,64.0,12.0,8.0,Android,2,18999
Xiaomi,Redmi Note 5 Pro,4000,5.99,1080,2160,8,4000,64.0,12.0,20.0,Android,2,9349
Nokia,7 Plus,3800,6.0,1080,2160,8,4000,64.0,12.0,16.0,Android,2,12000
Samsung,Galaxy S9+,3500,6.2,1440,2960,8,6000,64.0,12.0,8.0,Android,2,29999
Samsung,Galaxy S9,3000,5.8,1440,2960,8,4000,64.0,12.0,8.0,Android,2,26999
HTC,U11+,3930,6.0,1440,2560,8,6000,128.0,12.0,8.0,Android,2,52990
Samsung,Galaxy Note 8,3300,6.3,1440,2960,8,6000,64.0,12.0,8.0,Android,2,49999
Apple,iPhone 8,1821,4.7,750,1334,6,2000,64.0,12.0,7.0,iOS,1,36999
Apple,iPhone 8 Plus,2691,5.5,1080,1920,6,3000,64.0,12.0,7.0,iOS,1,47000
Apple,iPhone X,2716,5.8,1125,2436,6,3000,64.0,12.0,7.0,iOS,1,69999
Motorola,Moto Z2 Force,2730,5.5,1440,2560,8,6000,64.0,12.0,5.0,Android,1,20999
HTC,U11,3000,5.5,1440,2560,8,6000,128.0,12.0,16.0,Android,2,53990
Nokia,8,3090,5.3,1440,2560,8,4000,64.0,13.0,13.0,Android,2,14994
Samsung,Galaxy S8+,3500,6.2,1440,2960,8,4000,64.0,12.0,8.0,Android,1,30000
Samsung,Galaxy S8,3000,5.8,1440,2960,8,4000,64.0,12.0,8.0,Android,1,26994
LG,G6,3300,5.7,1440,2880,1,3000,32.0,13.0,5.0,Android,1,23990
OnePlus,3T,3400,5.5,1080,1920,4,6000,64.0,16.0,16.0,Android,2,19999
Samsung,Galaxy C9 Pro,4000,6.0,1080,1920,8,6000,64.0,16.0,16.0,Android,2,16999
Google,Pixel XL,3450,5.5,1440,2560,4,4000,32.0,12.3,8.0,Android,1,30990
Apple,iPhone 7 Plus,2900,5.5,1080,1920,4,3000,32.0,12.0,7.0,iOS,1,34999
Apple,iPhone 7,1960,4.7,750,1334,4,2000,32.0,12.0,7.0,iOS,1,27999
Honor,8,3000,5.2,1080,1920,8,4000,32.0,12.0,8.0,Android,2,20246
OnePlus,3,3000,5.5,1080,1920,4,6000,64.0,16.0,8.0,Android,2,22999
Asus,ZenFone 3 Deluxe (ZS570KL),3000,5.7,1080,1920,4,6000,256.0,23.0,8.0,Android,2,44999
Xiaomi,Mi 5,3000,5.15,1080,1920,4,3000,32.0,16.0,4.0,Android,2,24999
Samsung,Galaxy S7 Edge,3600,5.5,1440,2560,8,4000,32.0,12.0,5.0,Android,2,39996
Samsung,Galaxy S7,3000,5.1,1440,2560,8,4000,32.0,12.0,5.0,Android,2,23999
Motorola,Moto X Force,3760,5.4,1440,2560,8,3000,32.0,21.0,5.0,Android,1,6994
Huawei,Google Nexus 6P,3450,5.7,1440,2560,8,3000,32.0,12.3,8.0,Android,1,42998
Apple,iPhone 6s Plus,2750,5.5,1080,1920,1,2000,16.0,12.0,5.0,iOS,1,25990
Yu,reka Plus,2500,5.5,1080,1920,8,2000,16.0,13.0,5.0,Cyanogen,2,5995
Samsung,Galaxy A8,3050,5.7,1080,1920,8,2000,32.0,16.0,5.0,Android,2,7299
Samsung,Galaxy S6,2550,5.1,1440,2560,8,3000,32.0,16.0,5.0,Android,1,25999
Yu,reka,2500,5.5,720,1280,8,2000,16.0,13.0,5.0,Cyanogen,2,3999
Xiaomi,Redmi Note,3100,5.5,720,1280,8,2000,8.0,13.0,5.0,Android,2,7999
Realme,C3,5000,6.52,720,1600,8,3000,32.0,12.0,5.0,Android,2,6999
Poco,X2,4500,6.67,1080,2400,8,6000,64.0,64.0,20.0,Android,2,15999
Samsung,Galaxy S10 Lite,4500,6.7,1080,2400,8,8000,128.0,48.0,32.0,Android,1,39999
Realme,5i,5000,6.52,720,1600,8,4000,64.0,12.0,8.0,Android,2,8999
Samsung,Galaxy Note 10 Lite,4500,6.7,1080,2400,8,6000,128.0,12.0,32.0,Android,1,38999
Vivo,V17,4500,6.44,1080,2400,8,8000,128.0,48.0,32.0,Android,2,21150
Vivo,U20,5000,6.53,1080,2340,8,4000,64.0,16.0,16.0,Android,2,10990
Realme,5s,5000,6.5,720,1600,8,4000,64.0,48.0,13.0,Android,2,9999
Realme,X2,4000,6.4,1080,2340,8,4000,64.0,64.0,32.0,Android,2,16999
Vivo,V17 Pro,4100,6.44,1080,2400,8,8000,128.0,48.0,32.0,Android,2,26220
Nubia,Red Magic 3S,5000,6.65,1080,2340,8,8000,128.0,48.0,16.0,Android,2,47999
Samsung,Galaxy M30s,6000,6.4,1080,2340,8,4000,64.0,48.0,16.0,Android,2,12999
Vivo,Z1x,4500,6.38,1080,2340,8,4000,128.0,48.0,32.0,Android,2,15990
Oppo,Reno 2Z,4000,6.53,1080,2340,8,8000,256.0,48.0,16.0,Android,1,23100
Realme,XT,4000,6.4,1080,2340,8,4000,64.0,64.0,16.0,Android,2,14999
Xiaomi,Redmi Note 8 Pro,4500,6.53,1080,2340,8,6000,64.0,64.0,20.0,Android,2,13999
Nokia,7.2,3500,6.3,1080,2340,8,4000,64.0,48.0,20.0,Android,2,15377
Samsung,Galaxy A50s,4000,6.4,1080,2340,8,4000,128.0,48.0,32.0,Android,2,16650
Realme,5 Pro,4035,6.3,1080,2340,8,4000,64.0,48.0,16.0,Android,2,11999
Realme,5,5000,6.5,720,1600,8,3000,32.0,12.0,13.0,Android,2,8600
Vivo,Z1 Pro,5000,6.53,1080,2340,8,4000,64.0,16.0,32.0,Android,2,12990
Xiaomi,Mi A3,4030,6.08,720,1560,8,4000,64.0,48.0,32.0,Android,2,11845
Asus,6Z,5000,6.4,1080,2340,8,6000,64.0,48.0,48.0,Android,2,27999
Samsung,Galaxy M40,3500,6.3,1080,2340,8,6000,128.0,32.0,16.0,Android,2,16879
Xiaomi,Redmi Note 7S,4000,6.3,1080,2340,8,3000,32.0,48.0,13.0,Android,2,8649
Motorola,One Vision,3500,6.3,1080,2520,8,4000,128.0,48.0,25.0,Android,2,13690
Nubia,Red Magic 3,5000,6.65,1080,2340,8,8000,128.0,48.0,16.0,Android,2,35999
Oppo,A9,4020,6.53,1080,2340,8,4000,128.0,16.0,16.0,Android,2,11990
Google,Pixel 3a XL,3700,6.0,1080,2160,8,4000,64.0,12.2,8.0,Android,1,34999
Samsung,Galaxy A70,4500,6.7,1080,2400,8,6000,128.0,32.0,32.0,Android,2,22299
Black Shark,2,4000,6.39,1080,2340,8,6000,128.0,48.0,20.0,Android,2,29999
OnePlus,7,3700,6.41,1080,2340,8,6000,128.0,48.0,16.0,Android,2,29999
LG,G8s ThinQ,3550,6.2,1080,2248,8,6000,64.0,12.0,8.0,Android,2,39990
Vivo,V15 Pro,3700,6.39,1080,2340,8,6000,128.0,48.0,32.0,Android,2,17973
Xiaomi,Redmi Note 7,4000,6.3,1080,2340,8,3000,32.0,12.0,13.0,Android,2,9699
Xiaomi,Redmi 7,4000,6.26,720,1520,8,2000,16.0,12.0,8.0,Android,2,7332
Samsung,Galaxy M20,5000,6.3,1080,2340,8,3000,32.0,13.0,8.0,Android,2,9999
Samsung,Galaxy M30,5000,6.4,1080,2340,8,3000,32.0,13.0,16.0,Android,2,9499
Honor,View 20,4000,6.4,1080,2310,8,6000,128.0,48.0,25.0,Android,1,25120
Asus,ZenFone Max Pro M2,5000,6.26,1080,2280,8,3000,32.0,12.0,13.0,Android,2,11999
Google,Pixel 3a,3000,5.6,1080,2220,8,4000,64.0,12.2,8.0,Android,1,30999
Realme,U1,3500,6.3,1080,2340,8,3000,32.0,13.0,25.0,Android,2,8999
Honor,10 Lite,3400,6.21,1080,2340,8,3000,32.0,13.0,24.0,Android,2,7999
Nokia,8.1,3500,6.18,1080,2244,8,4000,64.0,12.0,20.0,Android,2,18000
Samsung,Galaxy A9 (2018),3800,6.3,1080,2220,8,6000,128.0,24.0,24.0,Android,2,22000
Oppo,K1,3600,6.41,1080,2340,8,4000,64.0,16.0,25.0,Android,1,9990
Nokia,7.1,3060,5.84,1080,2280,8,4000,64.0,12.0,8.0,Android,2,11900
Realme,2 Pro,3500,6.3,1080,2340,8,4000,64.0,16.0,16.0,Android,2,11770
Vivo,V9 Pro,3260,6.3,1080,2280,8,4000,64.0,13.0,16.0,Android,2,16490
Samsung,Galaxy A7 (2018),3300,6.0,1080,2220,8,4000,64.0,24.0,24.0,Android,2,16490
Xiaomi,Redmi Note 6 Pro,4000,6.26,1080,2280,8,4000,64.0,12.0,20.0,Android,2,9580
Vivo,V11 Pro,3400,6.41,1080,2340,8,6000,64.0,12.0,25.0,Android,2,14990
Oppo,R17 Pro,3700,6.4,1080,2340,8,8000,128.0,12.0,25.0,Android,2,21299
Nokia,5.1 Plus,3060,5.86,720,1520,8,3000,32.0,13.0,8.0,Android,2,6999
Honor,8X,3750,6.5,1080,2340,8,4000,64.0,20.0,16.0,Android,2,9999
Poco,F1,4000,6.18,1080,2246,8,6000,64.0,12.0,20.0,Android,2,14990
Nokia,6.1 Plus,3060,5.8,1080,2280,8,4000,64.0,16.0,16.0,Android,2,8999
Vivo,Nex,4000,6.59,1080,2316,8,8000,128.0,12.0,8.0,Android,2,29999
Oppo,Find X,3730,6.42,1080,2340,8,8000,256.0,16.0,25.0,Android,2,59090
Honor,Play,3750,6.3,1080,2340,8,4000,64.0,16.0,16.0,Android,2,18011
Realme,1,3410,6.0,1080,2160,8,3000,32.0,13.0,8.0,Android,2,10299
Xiaomi,Mi A2,3000,5.99,1080,2160,8,4000,64.0,12.0,20.0,Android,2,8990
Honor,10,3400,5.84,1080,2280,8,6000,128.0,16.0,24.0,Android,2,16990
Oppo,F7,3400,6.23,1080,2280,8,4000,64.0,16.0,25.0,Android,2,18990
Vivo,X21,3200,6.28,1080,2280,8,6000,64.0,12.0,12.0,Android,2,18290
Nokia,8 Sirocco,3260,5.5,1440,2560,8,6000,128.0,12.0,5.0,Android,1,13999
Infinix,Hot S3,4000,5.65,720,1440,8,3000,32.0,13.0,20.0,Android,2,9999
Nokia,6.1,3000,5.5,1080,1920,8,3000,32.0,16.0,8.0,Android,2,8849
Honor,View 10,3750,5.99,1080,2160,8,6000,128.0,16.0,13.0,Android,2,15899
Infinix,Zero 5 Pro,4350,5.98,1080,1920,8,6000,128.0,12.0,16.0,Android,2,15900
Oppo,F5,3200,6.0,1080,2160,8,4000,32.0,16.0,20.0,Android,2,10499
OnePlus,5T,3300,6.01,1080,2160,8,6000,64.0,16.0,16.0,Android,2,28499
Honor,9i,3340,5.9,1080,2160,8,4000,64.0,16.0,16.0,Android,2,8999
Xiaomi,Mi MIX 2,3400,5.99,1080,2160,8,6000,64.0,12.0,5.0,Android,2,29999
Lenovo,K8 Plus,4000,5.2,1080,1920,8,3000,32.0,13.0,8.0,Android,2,6990
Xiaomi,Mi A1,3080,5.5,1080,1920,8,4000,32.0,12.0,5.0,Android,2,9999
Sony,Xperia XZ1,2700,5.2,1080,1920,8,4000,32.0,19.0,13.0,Android,2,34990
LG,V30+,3300,6.0,1440,2880,8,4000,128.0,16.0,5.0,Android,2,27999
Lenovo,K8 Note,4000,5.5,1080,1920,10,3000,32.0,13.0,13.0,Android,2,7299
Motorola,Moto G5S,3000,5.2,1080,1920,8,3000,32.0,16.0,5.0,Android,2,9999
Google,Pixel 2 XL,3520,6.0,1440,2880,8,4000,64.0,12.2,8.0,Android,1,12994
Google,Pixel 2,2700,5.0,1080,1920,8,4000,64.0,12.2,8.0,Android,1,9994
Motorola,Moto X4,3000,5.2,1080,1920,8,3000,32.0,12.0,16.0,Android,2,12500
Motorola,Moto G5S Plus,3000,5.5,1080,1920,8,3000,32.0,13.0,8.0,Android,2,8500
Xiaomi,Redmi 5,3300,5.7,720,1440,8,2000,16.0,12.0,5.0,Android,2,6499
Xiaomi,Redmi Note 5,4000,5.99,1080,2160,8,3000,32.0,12.0,5.0,Android,2,8699
Samsung,Galaxy On Max,3300,5.7,1080,1920,8,4000,32.0,13.0,13.0,Android,2,9890
Motorola,Moto Z2 Play,3000,5.5,1080,1920,8,4000,64.0,12.0,5.0,Android,2,10499
Yu,reka Black,3000,5.0,1080,1920,8,4000,32.0,13.0,8.0,Android,2,5990
Xiaomi,Mi Max 2,5300,6.44,1080,1920,8,4000,32.0,12.0,5.0,Android,2,8999
Coolpad,Cool Play 6,4060,5.5,1080,1920,8,6000,64.0,13.0,8.0,Android,2,8999
OnePlus,5,3300,5.5,1080,1920,8,6000,64.0,16.0,16.0,Android,2,17499
Asus,ZenFone Zoom S,5000,5.5,1080,1920,8,4000,64.0,12.0,13.0,Android,2,26999
Honor,8 Pro,4000,5.7,1440,2560,8,6000,128.0,12.0,8.0,Android,2,17586
Micromax,Dual 5,3200,5.5,1080,1920,8,4000,128.0,13.0,13.0,Android,2,13999
Oppo,F3 Plus,4000,6.0,1080,1920,8,4000,64.0,16.0,16.0,Android,2,13990
Sony,Xperia XZ Premium,3230,5.5,2160,3840,8,4000,64.0,19.0,13.0,Android,2,33500
Motorola,Moto G5 Plus,3000,5.2,1080,1920,8,3000,16.0,12.0,5.0,Android,2,10900
Asus,ZenFone 3S Max,5000,5.2,720,1280,8,3000,32.0,13.0,8.0,Android,2,14999
Samsung,Galaxy C7 Pro,3300,5.7,1080,1920,1,4000,64.0,16.0,16.0,Android,2,16999
HTC,U Play,2500,5.2,1080,1920,8,4000,64.0,16.0,16.0,Android,2,15500
HTC,U Ultra,3000,5.7,1440,2560,4,4000,64.0,12.0,16.0,Android,2,54665
Asus,ZenFone AR,3300,5.7,1440,2560,4,8000,128.0,23.0,8.0,Android,2,49999
Xiaomi,Redmi 4A,3120,5.0,720,1280,4,2000,16.0,13.0,5.0,Android,2,6999
Xiaomi,Redmi 4,4100,5.0,720,1280,8,2000,16.0,13.0,5.0,Android,2,8999
Nubia,Z11 mini S,3000,5.2,1080,1920,8,4000,64.0,23.0,13.0,Android,2,16999
Lenovo,Z2 Plus,3500,5.0,1080,1920,4,3000,32.0,13.0,8.0,Android,2,11499
LG,V20,3200,5.7,1440,2560,4,4000,64.0,16.0,5.0,Android,2,26999
Lenovo,K6 Power,4000,5.0,1080,1920,8,3000,32.0,13.0,8.0,Android,2,8500
Sony,Xperia XZ,2900,5.2,1080,1920,4,3000,64.0,23.0,13.0,Android,2,11999
Samsung,Galaxy J7 Prime,3300,5.5,1080,1920,8,3000,16.0,13.0,8.0,Android,2,15995
Motorola,Moto Z Play,3510,5.5,1080,1920,8,3000,32.0,16.0,5.0,Android,2,8990
Xiaomi,Redmi Note 4,4100,5.5,1080,1920,8,2000,32.0,13.0,5.0,Android,2,9990
Xiaomi,Redmi 3S Prime,4100,5.0,720,1280,8,3000,32.0,13.0,5.0,Android,2,8000
Motorola,Moto Z,2600,5.5,1440,2560,4,4000,64.0,13.0,5.0,Android,2,11999
Asus,ZenFone 3 (ZE552KL),3000,5.5,1080,1920,8,4000,64.0,16.0,8.0,Android,2,14999
Smartron,t.phone,3000,5.5,1080,1920,8,4000,32.0,13.0,4.0,Android,2,5490
Motorola,Moto G4 Plus,3000,5.5,1080,1920,8,2000,16.0,16.0,5.0,Android,2,5999
Coolpad,Max,2800,5.5,1080,1920,8,4000,64.0,13.0,5.0,Android,2,8499
Xiaomi,Mi Max,4850,6.44,1080,1920,6,3000,32.0,16.0,5.0,Android,2,11990
Lenovo,Zuk Z1,4100,5.5,1080,1920,4,3000,64.0,13.0,8.0,Android,2,7499
LeEco,Le 2,3000,5.5,1080,1920,8,3000,32.0,16.0,8.0,Android,2,6999
LeEco,Le Max 2,3100,5.7,1440,2560,4,4000,32.0,21.0,8.0,Android,2,7790
Huawei,P9,3000,5.2,1080,1920,8,3000,32.0,12.0,8.0,Android,1,39999
Apple,iPhone SE,1624,4.0,640,1136,1,2000,16.0,12.0,1.2,iOS,1,16999
LG,G5,2800,5.3,1440,2560,4,4000,32.0,16.0,8.0,Android,2,10999
Oppo,F1,2500,5.0,720,1280,8,3000,16.0,13.0,8.0,Android,2,8999
Samsung,Galaxy A5 (2016),2900,5.2,1080,1920,8,2000,16.0,13.0,5.0,Android,2,19990
Xiaomi,Redmi Note 3,4050,5.5,1080,1920,6,2000,16.0,16.0,5.0,Android,2,6899
HTC,One A9,2150,5.0,1080,1920,8,3000,32.0,13.0,4.0,Android,1,30149
BlackBerry,Priv,3410,5.4,1440,2560,6,3000,32.0,18.0,2.0,Android,1,19999
LG,Google Nexus 5X,2700,5.2,1080,1920,6,2000,16.0,12.3,5.0,Android,1,25990
Apple,iPhone 6s,1715,4.7,750,1334,2,2000,16.0,12.0,5.0,iOS,1,22999
Lenovo,Vibe P1,4900,5.5,1080,1920,8,2000,32.0,13.0,5.0,Android,2,15999
Lenovo,Vibe S1,2420,5.0,1080,1920,8,3000,32.0,13.0,8.0,Android,2,10990
Samsung,Galaxy S6 Edge+,3000,5.7,1440,2560,8,4000,32.0,16.0,5.0,Android,1,17999
Samsung,Galaxy Note 5,3000,5.7,1440,2560,8,4000,32.0,16.0,5.0,Android,1,14999
Motorola,Moto X Play,3630,5.5,1080,1920,8,2000,16.0,21.0,5.0,Android,2,7990
Motorola,Moto G (Gen 3),2470,5.0,720,1280,4,1000,8.0,13.0,5.0,Android,2,10999
Honor,7,3100,5.2,1080,1920,8,3000,16.0,20.0,8.0,Android,1,15999
Asus,ZenFone Selfie,3000,5.5,1080,1920,8,2000,16.0,13.0,13.0,Android,2,14999
LG,G4,3000,5.5,1440,2560,6,3000,32.0,16.0,8.0,Android,1,13299
Xiaomi,Mi 4i,3120,5.0,1080,1920,8,2000,16.0,13.0,5.0,Android,2,12999
Lenovo,K3 Note,2900,5.5,1080,1920,8,2000,16.0,13.0,5.0,Android,2,9999
Motorola,Moto Turbo,3900,5.2,1440,2560,4,3000,64.0,21.0,2.0,Android,1,31999
Gionee,Elife S7,2700,5.2,1080,1920,8,2000,16.0,13.0,8.0,Android,2,15999
Lenovo,Vibe Shot,2900,5.0,1080,1920,8,3000,32.0,16.0,8.0,Android,2,9799
Samsung,Galaxy S6 Edge,2600,5.1,1440,2560,8,3000,32.0,16.0,5.0,Android,1,25999
Honor,6 Plus,3600,5.5,1080,1920,8,3000,32.0,8.0,8.0,Android,2,26499
HTC,Desire 820s,2600,5.5,720,1280,8,2000,16.0,13.0,8.0,Android,2,25500
HTC,One (M8 Eye),2600,5.0,1080,1920,4,2000,16.0,13.0,5.0,Android,1,28500
Motorola,Google Nexus 6,3220,5.96,1440,2560,4,3000,32.0,13.0,2.0,Android,1,13490
HTC,Desire Eye,2400,5.2,1080,1920,4,2000,16.0,13.0,13.0,Android,1,10990
BlackBerry,Passport,3450,4.5,1440,1440,4,3000,32.0,13.0,2.0,BlackBerry,1,15999
Apple,iPhone 6 Plus,2915,5.5,1080,1920,1,1000,16.0,8.0,1.2,iOS,1,23999
Apple,iPhone 6,1810,4.7,750,1334,2,1000,16.0,8.0,1.2,iOS,1,15999
Motorola,Moto X (Gen 2),2300,5.2,1080,1920,4,2000,16.0,13.0,2.0,Android,1,23999
Motorola,Moto G (Gen 2),2070,5.0,720,1280,4,1000,16.0,8.0,2.0,Android,2,13500
Sony,Xperia Z3 Compact,2600,4.6,720,1280,4,2000,16.0,20.7,2.2,Android,1,38990
Samsung,Galaxy Note 4,3220,5.7,1440,2560,4,3000,32.0,16.0,3.7,Android,1,27900
Samsung,Galaxy Note Edge,3000,5.6,1600,2560,4,3000,32.0,16.0,3.7,Android,1,29950
Xiaomi,Mi 4,3080,5.0,1080,1920,4,3000,16.0,13.0,8.0,Android,1,7987
Lenovo,Vibe Z2 Pro,4000,6.0,1440,2560,4,3000,32.0,16.0,5.0,Android,2,29999
OnePlus,One,3100,5.5,1080,1920,4,3000,16.0,13.0,5.0,Cyanogen,1,21999
Samsung,Galaxy S5,2800,5.1,1080,1920,8,2000,16.0,16.0,2.0,Android,1,33999
Sony,Xperia Z2,3200,5.2,1080,1920,4,3000,16.0,20.7,2.2,Android,1,35990
Sony,Xperia Z1 Compact,2300,4.3,720,1280,4,2000,16.0,20.7,2.0,Android,1,11999
Gionee,Elife E7,2500,5.5,1080,1920,4,2000,16.0,16.0,8.0,Android,1,3699
Samsung,Galaxy Grand 2,2600,5.2,720,1280,4,1000,8.0,8.0,1.9,Android,2,15999
Motorola,Moto G,2070,4.5,720,1280,4,1000,8.0,5.0,1.3,Android,2,9999
LG,Google Nexus 5,2300,4.95,1080,1920,4,2000,16.0,8.0,1.3,Android,1,12000
Nokia,Lumia 1520,3400,6.0,1080,1920,4,2000,32.0,20.0,1.2,Windows,1,34990
Apple,iPhone 5c,1507,4.0,640,1136,2,1000,8.0,8.0,1.2,iOS,1,8499
Xiaomi,Mi 3,3050,5.0,1080,1920,4,2000,16.0,13.0,2.0,Android,1,13999
Samsung,Galaxy Note 3,3200,5.7,1080,1920,8,3000,32.0,13.0,2.0,Android,1,50650
Sony,Xperia Z1,3000,5.0,1080,1920,1,2000,16.0,20.7,2.0,Android,1,56699
LG,G2,3000,5.2,1080,1920,4,2000,16.0,13.0,2.1,Android,1,22499
Motorola,Moto X,2200,4.7,720,1280,2,2000,16.0,10.0,2.0,Android,1,15000
Sony,Xperia Z,2330,5.0,1080,1920,4,2000,16.0,13.1,2.2,Android,1,32490
Samsung,Galaxy S III,2100,4.8,720,1280,4,1000,16.0,8.0,1.9,Android,1,5999
Samsung,Galaxy S4,2600,5.0,1080,1920,8,2000,16.0,13.0,2.0,Android,1,57915
Nokia,Lumia 920,2000,4.5,768,1280,2,1000,32.0,8.7,1.3,Windows,1,8999
Oppo,F15,4000,6.4,1080,2400,8,8000,128.0,48.0,16.0,Android,2,18690
Vivo,S1 Pro,4500,6.38,1080,2340,8,8000,128.0,48.0,32.0,Android,2,18599
Motorola,Moto G8 Plus,4000,6.3,1080,2280,8,4000,64.0,48.0,25.0,Android,2,12999
Motorola,One Macro,4000,6.2,720,1520,8,4000,64.0,13.0,8.0,Android,2,8999
Vivo,U10,5000,6.35,720,1544,8,3000,32.0,13.0,8.0,Android,2,8990
Xiaomi,Redmi 8A,5000,6.22,720,1520,8,2000,32.0,12.0,8.0,Android,2,6499
Oppo,A9 2020,5000,6.5,720,1600,8,4000,128.0,48.0,16.0,Android,2,14730
Samsung,Galaxy M10s,4000,6.4,720,1520,8,3000,32.0,13.0,8.0,Android,2,8499
Infinix,Hot 8,5000,6.52,720,1600,8,4000,64.0,13.0,8.0,Android,2,8000
Xiaomi,Redmi Note 8,4000,6.3,1080,2280,8,3000,32.0,48.0,13.0,Android,2,9195
Xiaomi,Redmi 8,5000,6.22,720,1520,8,4000,64.0,12.0,8.0,Android,2,7999
Realme,3i,4230,6.2,720,1520,8,3000,32.0,13.0,13.0,Android,2,6999
Infinix,Hot 7,4000,6.19,720,1500,8,4000,64.0,13.0,13.0,Android,2,9990
Honor,9X,4000,6.59,1080,2340,8,4000,128.0,48.0,16.0,Android,2,13999
Motorola,One Action,3500,6.3,1080,2520,8,4000,128.0,12.0,12.0,Android,2,9999
LG,W30,4000,6.26,720,1520,8,3000,32.0,13.0,16.0,Android,2,8499
Infinix,Hot 7 Pro,4000,6.19,720,1500,8,6000,64.0,13.0,13.0,Android,2,10999
Xiaomi,Redmi 7A,4000,5.45,720,1440,8,2000,16.0,12.0,5.0,Android,2,5499
Infinix,S4,4000,6.21,720,1520,8,3000,32.0,13.0,32.0,Android,2,7999
Vivo,Y17,5000,6.35,720,1544,8,4000,128.0,13.0,20.0,Android,2,11490
Infinix,Smart 3 Plus,3500,6.21,720,1520,4,2000,32.0,13.0,8.0,Android,2,6999
Oppo,A1k,4000,6.1,720,1560,8,2000,32.0,8.0,5.0,Android,2,6670
Oppo,A5s,4230,6.2,1520,720,8,2000,32.0,13.0,8.0,Android,2,7935
Xiaomi,Redmi Y3,4000,6.26,720,1520,8,3000,32.0,12.0,32.0,Android,2,7999
Realme,C2,4000,6.1,720,1560,8,2000,16.0,13.0,5.0,Android,2,5999
Honor,20i,3400,6.21,1080,2340,8,4000,128.0,24.0,32.0,Android,2,10999
Vivo,S1,4500,6.38,1080,2340,8,4000,128.0,16.0,32.0,Android,2,14979
Realme,3,4230,6.2,720,1520,8,3000,32.0,13.0,13.0,Android,2,8490
Vivo,V15,4000,6.53,1080,2340,8,6000,64.0,12.0,32.0,Android,2,14990
Xiaomi,Redmi Go,3000,5.0,720,1280,4,1000,8.0,8.0,5.0,Android,2,4499
Meizu,M16th,3010,6.0,1080,2160,8,8000,128.0,12.0,20.0,Android,2,19990
Asus,ZenFone Max M2,4000,6.26,720,1520,8,3000,32.0,13.0,8.0,Android,2,7499
Infinix,Note 5 Stylus,4000,5.93,1080,2160,8,4000,64.0,16.0,16.0,Android,1,15999
Infinix,Hot S3X,4000,6.2,720,1500,8,3000,32.0,13.0,16.0,Android,2,10999
Asus,ZenFone Lite L1 (ZA551KL),3000,5.45,720,1440,8,2000,16.0,13.0,5.0,Android,2,4999
Asus,ZenFone Max M1 (ZB556KL),4000,5.45,720,1440,8,3000,32.0,13.0,8.0,Android,2,5999
Lenovo,K9,3000,5.7,720,1440,8,3000,32.0,13.0,13.0,Android,1,5899
Nokia,3.1 Plus,3500,6.0,720,1440,8,3000,32.0,13.0,8.0,Android,2,6850
Honor,8C,4000,6.26,720,1520,8,4000,32.0,13.0,8.0,Android,2,7999
Panasonic,Eluga X1 Pro,3000,6.18,1080,2246,8,6000,128.0,16.0,16.0,Android,2,29999
Realme,C1,4230,6.2,720,1520,8,2000,16.0,13.0,5.0,Android,1,7990
BlackBerry,KEY2 LE,3000,4.5,1080,1620,8,4000,64.0,13.0,8.0,Android,2,22990
Realme,2,4230,6.2,720,1520,8,3000,32.0,13.0,8.0,Android,2,8890
Infinix,Note 5,4500,5.99,1080,2160,8,3000,32.0,12.0,16.0,Android,2,5850
Oppo,F9 Pro,3500,6.3,1080,2340,8,6000,64.0,16.0,25.0,Android,2,17990
Oppo,F9,3500,6.3,1080,2340,8,4000,64.0,16.0,16.0,Android,2,11994
Honor,9N,3000,5.84,1080,2280,8,3000,32.0,13.0,16.0,Android,2,7499
Huawei,Nova 3i,3340,6.3,1080,2340,8,4000,128.0,16.0,24.0,Android,2,21999
Huawei,Nova 3,3750,6.3,1080,2340,8,6000,128.0,16.0,24.0,Android,2,15999
Xiaomi,Redmi 6 Pro,4000,5.84,1080,2280,8,3000,32.0,12.0,5.0,Android,2,8290
Xiaomi,Redmi 6A,3000,5.45,720,1440,4,2000,16.0,13.0,5.0,Android,2,5699
Xiaomi,Redmi Y2,3080,5.99,720,1440,8,3000,32.0,12.0,16.0,Android,2,7999
Tecno,Camon iClick,3750,6.0,720,1440,8,4000,64.0,16.0,20.0,Android,2,7420
Xiaomi,Redmi 6,3000,5.45,720,1440,8,3000,32.0,12.0,5.0,Android,2,7180
Samsung,Galaxy J8,3500,6.0,720,1440,8,4000,64.0,16.0,16.0,Android,2,15499
Samsung,Galaxy J6,3000,5.6,720,1480,8,3000,32.0,13.0,8.0,Android,2,9490
Samsung,Galaxy A6+,3500,6.0,1080,2220,8,4000,64.0,16.0,24.0,Android,1,15999
Motorola,Moto E5 Plus,5000,6.0,720,1440,8,3000,32.0,12.0,5.0,Android,2,9399
Nubia,Red Magic,3800,6.0,1080,2160,8,8000,128.0,24.0,8.0,Android,2,24860
InFocus,Vision 3 Pro,4000,5.7,720,1440,8,4000,64.0,13.0,13.0,Android,2,7990
Itel,S42,3000,5.65,720,1440,4,3000,16.0,13.0,13.0,Android,2,8480
Huawei,P20 Lite,3000,5.84,1080,2280,8,4000,64.0,16.0,24.0,Android,2,12800
Vivo,V9,3260,6.3,1080,2280,8,4000,64.0,16.0,24.0,Android,2,13740
Motorola,Moto G6 Play,4000,5.7,720,1440,8,3000,32.0,13.0,8.0,Android,2,8049
Honor,7C,3000,5.99,720,1440,8,3000,32.0,13.0,8.0,Android,2,7799
Motorola,Moto G6,3000,5.7,1080,2160,8,3000,32.0,12.0,16.0,Android,2,10499
Smartron,t.phone P,5000,5.2,720,1280,8,3000,32.0,13.0,5.0,Android,2,10500
Oppo,A83,3180,5.7,720,1440,8,2000,16.0,13.0,8.0,Android,2,6799
Honor,9 Lite,3000,5.65,1080,2160,8,3000,32.0,13.0,13.0,Android,2,8929
10.or,D,3500,5.2,720,1280,4,2000,16.0,13.0,5.0,Android,2,4999
InFocus,Vision 3,4000,5.7,720,1440,4,2000,16.0,13.0,8.0,Android,2,6850
Samsung,Galaxy A8+ (2018),3500,6.0,1080,2220,8,6000,64.0,16.0,16.0,Android,1,16900
Gionee,S11 Lite,3030,5.7,720,1440,8,4000,32.0,13.0,16.0,Android,2,6319
Vivo,V7,3000,5.7,720,1440,8,4000,32.0,16.0,24.0,Android,2,13990
Xiaomi,Redmi Y1,3080,5.5,720,1280,8,2000,16.0,13.0,16.0,Android,2,8490
Xiaomi,Redmi 5A,3000,5.0,720,1280,4,2000,16.0,13.0,5.0,Android,2,7199
Honor,7X,3340,5.93,1080,2160,8,4000,32.0,16.0,8.0,Android,2,12722
Honor,Holly 4,3020,5.0,720,1280,8,3000,32.0,13.0,5.0,Android,2,8499
Gionee,M7 Power,5000,6.0,720,1440,8,4000,64.0,13.0,8.0,Android,2,8890
Vivo,V7+,3225,5.99,720,1440,8,4000,64.0,16.0,24.0,Android,2,10990
Asus,ZenFone 4 Selfie Pro,3000,5.5,1080,1920,8,4000,64.0,16.0,12.0,Android,2,25999
LG,Q6,3000,5.5,1080,2160,8,3000,32.0,13.0,5.0,Android,2,8948
Oppo,F3,3200,5.5,1080,1920,8,4000,64.0,13.0,16.0,Android,2,11990
Smartron,srt.phone,3000,5.5,1080,1920,8,4000,32.0,13.0,5.0,Android,2,5999
Vivo,V5s,3000,5.5,720,1280,8,4000,64.0,13.0,20.0,Android,2,12990
Micromax,Evok Power,4000,5.0,720,1280,4,2000,16.0,8.0,5.0,Android,2,5499
Lava,Z25,3020,5.5,720,1280,8,4000,32.0,13.0,8.0,Android,2,12000
Nubia,M2,3630,5.5,1080,1920,8,4000,64.0,13.0,16.0,Android,2,12990
Cat,S60,3800,4.7,720,1280,8,2000,16.0,13.0,5.0,Android,2,39999
Coolpad,Note 5 Lite,2500,5.0,720,1280,4,3000,16.0,13.0,8.0,Android,2,4290
Gionee,A1,4010,5.5,1080,1920,8,4000,64.0,13.0,16.0,Android,2,9999
Sony,Xperia XA1 Ultra,2700,6.0,1080,1920,8,4000,64.0,23.0,16.0,Android,2,5994
Sony,Xperia XZs,2900,5.2,1080,1920,4,4000,32.0,19.0,13.0,Android,2,29990
Gionee,A1 Plus,4550,6.0,1080,1920,8,4000,64.0,13.0,20.0,Android,2,994
Motorola,Moto G5,2800,5.0,1080,1920,8,2000,16.0,13.0,5.0,Android,2,5450
Honor,8 Lite,3000,5.2,1080,1920,8,4000,64.0,12.0,8.0,Android,2,14933
Vivo,V5 Plus,3055,5.5,1080,1920,8,4000,64.0,16.0,20.0,Android,2,12500
Nokia,6,3000,5.5,1080,1920,8,2000,16.0,16.0,8.0,Android,2,7250
Samsung,Galaxy A7 (2017),3600,5.7,1080,1920,8,3000,32.0,16.0,16.0,Android,2,25900
Samsung,Galaxy A5 (2017),3000,5.2,1080,1920,8,3000,32.0,16.0,16.0,Android,2,18999
Coolpad,Note 3S,2500,5.5,720,1080,8,3000,32.0,13.0,5.0,Android,2,8990
Oppo,A57,2900,5.2,720,1280,8,3000,32.0,13.0,16.0,Android,2,12000
Vivo,V5,3000,5.5,720,1280,8,4000,32.0,13.0,20.0,Android,2,16541
Asus,ZenFone 3 Max (ZC553KL),4100,5.5,1080,1920,8,2000,32.0,16.0,8.0,Android,2,8599
Lyf,F1,3200,5.5,1080,1920,8,3000,32.0,16.0,8.0,Android,2,6499
InFocus,Epic 1,3000,5.5,1080,1920,10,3000,32.0,16.0,8.0,Android,2,10999
Honor,6X,3340,5.5,1080,1920,8,3000,32.0,12.0,8.0,Android,2,13999
Intex,Aqua S7,3200,5.0,720,1280,1,3000,16.0,13.0,5.0,Android,2,5499
Lenovo,P2,5100,5.5,1080,1920,8,3000,32.0,13.0,5.0,Android,2,16999
Lenovo,K6 Note,4000,5.5,1080,1920,8,3000,32.0,16.0,8.0,Android,2,8890
Gionee,S6s,3150,5.5,1080,1920,8,3000,32.0,13.0,8.0,Android,2,12000
Coolpad,Cool 1 Dual,4000,5.5,1080,1920,8,3000,32.0,13.0,8.0,Android,2,12639
Oppo,F1s,3075,5.5,720,1280,8,3000,32.0,13.0,16.0,Android,2,15990
BlackBerry,DTEK50,2610,5.2,1080,1920,8,3000,16.0,13.0,8.0,Android,1,11999
Asus,ZenFone 3 Laser,3000,5.5,1080,1920,8,4000,32.0,13.0,8.0,Android,2,5499
Lenovo,Phab 2 Plus,4050,6.4,1080,1920,8,3000,32.0,13.0,8.0,Android,1,9999
Yu,nicorn,4000,5.5,1080,1920,8,4000,32.0,13.0,5.0,Android,2,4999
Coolpad,Note 3 Plus,3000,5.5,1080,1920,8,3000,16.0,13.0,5.0,Android,2,6249
LeEco,Le 1s Eco,3000,5.5,1080,1920,8,3000,32.0,13.0,5.0,Android,2,7990
Vivo,V3Max,3000,5.5,1080,1920,8,4000,32.0,13.0,8.0,Android,2,17979
Oppo,F1 Plus,2850,5.5,1080,1920,8,4000,64.0,13.0,16.0,Android,2,17990
InFocus,Bingo 50,2500,5.0,720,1280,4,3000,16.0,8.0,8.0,Android,2,9990
Lenovo,Vibe K5,2750,5.0,720,1280,8,2000,16.0,13.0,5.0,Android,2,5999
Lenovo,Vibe K5 Plus,2750,5.0,1080,1920,8,2000,16.0,13.0,5.0,Android,2,7999
Xolo,Era 4K,4000,5.0,720,1280,4,2000,8.0,8.0,5.0,Android,2,4999
LG,X screen,2300,4.93,720,1280,4,2000,16.0,13.0,8.0,Android,1,7990
Coolpad,Note 3 Lite,2500,5.0,720,1280,4,3000,16.0,13.0,5.0,Android,2,4999
Lenovo,Vibe K4 Note,3300,5.5,1080,1920,8,3000,16.0,13.0,5.0,Android,2,8990
Gionee,Marathon M5 Plus,5020,6.0,1080,1920,8,3000,64.0,13.0,5.0,Android,2,23900
Intex,Aqua GenX,2850,5.5,1080,1920,8,2000,16.0,13.0,5.0,Android,2,9630
Yu,topia,3000,5.2,1440,2560,8,4000,32.0,21.0,8.0,Cyanogen,2,29999
InFocus,M680,2600,5.5,1080,1920,8,2000,16.0,13.0,13.0,Android,2,4990
Gionee,Marathon M5 Lite,4000,5.0,720,1280,4,3000,32.0,8.0,5.0,Android,2,7499
Gionee,S6,3150,5.5,720,1280,8,3000,32.0,13.0,5.0,Android,2,15998
Motorola,Moto G Turbo Edition,2470,5.0,720,1280,8,2000,16.0,13.0,5.0,Android,2,16999
Micromax,Canvas 5,2900,5.2,1080,1920,8,3000,16.0,13.0,5.0,Android,2,6800
Honor,5X,3000,5.5,1080,1920,8,2000,16.0,13.0,5.0,Android,2,7400
Coolpad,Note 3,3000,5.5,720,1280,8,3000,16.0,13.0,5.0,Android,2,9499
HTC,One E9s Dual SIM,2600,5.5,720,1280,8,2000,16.0,13.0,4.0,Android,2,6999
Yu,nique,2000,4.7,720,1280,4,1000,8.0,8.0,2.0,Android,2,4695
Sony,Xperia Z5 Dual,2900,5.2,1080,1920,8,3000,32.0,23.0,5.0,Android,2,45999
Acer,Liquid Z630s,4000,5.5,720,1280,8,3000,32.0,8.0,8.0,Android,2,7190
Xiaomi,Redmi 2 Prime,2200,4.7,720,1280,4,2000,16.0,8.0,2.0,Android,2,6999
Asus,ZenFone Max,5000,5.5,720,1280,4,2000,16.0,13.0,5.0,Android,2,4999
Asus,ZenFone 2 Deluxe,3000,5.5,1080,1920,4,4000,64.0,13.0,5.0,Android,2,16999
Gionee,Marathon M4,5000,5.0,720,1280,4,2000,16.0,8.0,5.0,Android,2,4400
Asus,ZenFone 2 Laser (ZE550KL),3000,5.5,720,1280,4,2000,16.0,13.0,5.0,Android,2,12999
Motorola,Moto X Style,3000,5.7,1440,2560,6,3000,16.0,21.0,5.0,Android,2,20999
InFocus,M812,2900,5.5,1080,1920,4,3000,16.0,13.0,8.0,Android,2,7916
Xolo,Black,3200,5.5,1080,1920,8,2000,16.0,13.0,5.0,Android,2,11936
Phicomm,Passion 660,2300,5.0,1080,1920,8,2000,16.0,13.0,5.0,Android,2,3238
Coolpad,Dazen X7,2700,5.2,1080,1920,8,2000,16.0,13.0,8.0,Android,2,4999
Yu,phoria,2230,5.0,720,1280,4,2000,16.0,8.0,5.0,Cyanogen,2,8999
Honor,4C,2550,5.0,720,1280,8,2000,8.0,13.0,5.0,Android,2,8999
Lenovo,A6000 Plus,2300,5.0,720,1280,4,2000,16.0,8.0,2.0,Android,2,6399
Lenovo,A7000,2900,5.5,720,1280,8,2000,8.0,8.0,5.0,Android,2,6666
Motorola,Moto E (Gen 2),2390,4.5,540,960,4,1000,8.0,5.0,0.3,Android,1,4999
HTC,Desire 526G+ Dual SIM,2000,4.7,540,960,8,1000,8.0,8.0,2.0,Android,2,9000
Lenovo,A6000,2300,5.0,720,1280,4,1000,8.0,8.0,2.0,Android,2,5000
Asus,ZenFone Zoom,3000,5.5,1080,1920,4,4000,64.0,13.0,5.0,Android,1,15999
Xiaomi,Redmi 2,2200,4.7,720,1280,4,1000,8.0,8.0,2.0,Android,2,5399
Lava,Iris Fuel 60,4000,5.0,720,1280,4,1000,8.0,10.0,2.0,Android,2,4299
Vivo,Y15,1900,4.5,480,854,4,512,4.0,5.0,2.0,Android,2,6539
Micromax,Canvas Selfie,2300,4.7,720,1280,8,2000,16.0,13.0,13.0,Android,2,13895
Honor,4X,3000,5.5,720,1280,4,2000,8.0,13.0,5.0,Android,2,9999
Xolo,Q2100,2800,5.5,720,1280,4,1000,8.0,8.0,2.0,Android,2,6998
Micromax,Canvas 4 Plus,2000,5.0,720,1280,8,1000,16.0,13.0,5.0,Android,2,5490
Micromax,Canvas A1,1700,4.5,480,854,4,1000,4.0,5.0,2.4,Android,2,4795
Micromax,Canvas Nitro,2500,5.0,720,1280,8,2000,8.0,13.0,5.0,Android,2,4999
Nokia,Lumia 830,2200,5.0,720,1280,4,1000,16.0,10.0,0.9,Windows,1,19999
HTC,Desire 820,2600,5.5,720,1280,8,2000,16.0,13.0,8.0,Android,2,25999
Samsung,Galaxy Alpha,1860,4.7,720,1280,8,2000,32.0,12.0,2.1,Android,1,9999
Xolo,8X-1000,1920,5.0,720,1280,8,2000,16.0,8.0,2.0,Android,2,5499
Spice,Stellar 520,2000,5.0,720,1280,4,1000,4.0,8.0,2.0,Android,2,4999
Xiaomi,Redmi 1S,2000,4.7,720,1280,4,1000,8.0,8.0,1.6,Android,2,5999
Honor,6,3000,5.0,1080,1920,8,3000,16.0,13.0,5.0,Android,1,14999
Oppo,N1 Mini,2140,5.0,720,1280,4,2000,16.0,13.0,0.0,Android,1,9990
Xolo,Q1200,2000,5.0,720,1280,4,1000,8.0,8.0,2.0,Android,1,13667
Panasonic,P81,2500,5.5,720,1280,8,1000,8.0,13.0,2.0,Android,2,11900
Motorola,Moto E,1980,4.3,540,960,2,1000,4.0,5.0,0.0,Android,2,4999
Oppo,R1,2410,5.0,720,1280,4,1000,16.0,8.0,5.0,Android,2,11735
Xolo,Q1010i,2250,5.0,720,1280,4,1000,8.0,8.0,2.0,Android,2,13606
Micromax,Canvas Knight,2350,5.0,1080,1920,8,2000,32.0,16.0,8.0,Android,2,5999
HTC,Desire 816,2600,5.5,720,1280,4,1000,8.0,13.0,5.0,Android,2,27390
Nokia,X Dual SIM,1500,4.0,480,800,2,512,4.0,3.0,0.0,Cyanogen,2,7999
Lenovo,S660,3000,4.7,540,960,4,1000,8.0,8.0,0.3,Android,2,6700
Gionee,Elife S5.5,2300,5.0,1080,1920,8,2000,16.0,13.0,5.0,Android,1,10999
LG,G Pro 2,3200,5.9,1080,1920,4,3000,16.0,13.0,2.1,Android,1,42021
Xolo,Q1100,2000,5.0,720,1280,4,1000,8.0,8.0,2.0,Android,2,13677
Samsung,Galaxy Note 3 Neo,3100,5.5,720,1280,6,2000,16.0,8.0,2.0,Android,1,11250
Asus,ZenFone 6,3300,6.0,720,1280,2,2000,16.0,13.0,2.0,Android,2,8891
Nokia,Asha 502,1010,3.0,240,320,1,64,0.064,5.0,0.0,Cyanogen,2,3499
Nokia,Lumia 1020,2000,4.5,768,1280,2,2000,32.0,41.0,1.2,Windows,1,10990
Spice,Pinnacle FHD,2100,5.0,1080,1920,4,1000,8.0,8.0,2.0,Android,2,5999
Gionee,Elife E6,2000,5.0,1080,1920,4,2000,32.0,13.0,5.0,Android,1,21450
Micromax,Canvas 4,2000,5.0,720,1280,4,1000,16.0,13.0,5.0,Android,2,5199
Lava,Iris 504q,2000,5.0,720,1280,4,1000,4.0,8.0,2.0,Android,2,9499
BlackBerry,Q5,2180,3.1,720,720,2,2000,8.0,5.0,2.0,BlackBerry,1,10800
BlackBerry,Q10,2100,3.1,720,720,1,2000,16.0,8.0,2.0,BlackBerry,1,9899
Lenovo,P780,4000,5.0,720,1280,4,1000,4.0,8.0,0.3,Android,2,15410
Sony,Xperia U,1320,3.5,480,854,2,512,8.0,5.0,0.3,Android,1,4990
Sony,Xperia SP,2370,4.6,720,1280,2,1000,8.0,8.0,0.3,Android,1,21490
Samsung,Galaxy Y Pro Duos,1350,2.6,240,320,1,384,0.16,3.2,0.3,Android,2,5555
Samsung,Galaxy Mega 5.8,2600,5.8,540,960,2,1000,8.0,8.0,1.9,Android,2,6999
Nokia,Lumia 620,1300,3.8,480,800,2,512,8.0,5.0,0.3,Windows,1,4999
Nokia,Lumia 820,1650,4.3,480,800,2,1000,8.0,8.0,0.3,Windows,1,19660
LG,Optimus G,2100,4.7,768,1280,4,2000,32.0,13.0,1.3,Android,1,9999
HTC,One S,1650,4.3,540,960,2,1000,16.0,8.0,0.3,Android,1,17172
BlackBerry,Z10,1800,4.2,768,1280,2,2000,16.0,8.0,2.0,BlackBerry,1,5500
Infinix,S5 Lite,4000,6.5,720,1600,8,4000,64.0,16.0,16.0,Android,2,8999
Infinix,S5,4000,6.6,720,1600,8,4000,64.0,16.0,32.0,Android,2,8999
Motorola,Moto E6s,3000,6.1,720,1560,8,4000,64.0,13.0,8.0,Android,2,6999
Tecno,Camon i4,3500,6.2,720,1520,4,2000,32.0,13.0,16.0,Android,2,6933
Nokia,4.2,3000,5.71,720,1520,8,3000,32.0,13.0,8.0,Android,1,7999
Nokia,3.2,4000,6.26,720,1520,4,2000,16.0,13.0,5.0,Android,1,6690
Samsung,Galaxy M10,3400,6.22,720,1520,8,2000,16.0,13.0,5.0,Android,2,6999
Micromax,Infinity N12,4000,6.19,720,1500,8,3000,32.0,13.0,16.0,Android,2,6299
Coolpad,Note 8,4000,5.99,1080,2160,8,4000,64.0,16.0,8.0,Android,1,7433
Samsung,Galaxy J6+,3300,6.0,720,1480,4,4000,64.0,13.0,8.0,Android,1,11999
Samsung,Galaxy J4+,3300,6.0,720,1480,4,2000,32.0,13.0,5.0,Android,1,9499
Samsung,Galaxy J2 Core,2600,5.0,540,960,4,1000,8.0,8.0,5.0,Android,2,6190
10.or,D2,3200,5.45,720,1440,4,2000,16.0,13.0,5.0,Android,2,4999
Coolpad,Mega 5A,2500,5.47,720,1440,4,2000,16.0,8.0,5.0,Android,1,3900
Infinix,Smart 2,3050,5.45,720,1440,4,2000,16.0,13.0,8.0,Android,2,3999
Infinix,Hot 6 Pro,4000,5.99,720,1440,4,3000,32.0,13.0,5.0,Android,2,8999
iVoomi,i2 Lite,4000,5.45,720,1440,4,2000,16.0,13.0,8.0,Android,2,4999
Honor,7S,3020,5.45,720,1440,4,2000,16.0,13.0,5.0,Android,1,5999
Coolpad,Note 6,4070,5.5,1080,1920,8,4000,32.0,13.0,8.0,Android,2,6999
Panasonic,Eluga Ray 550,3250,5.7,720,1440,4,3000,16.0,13.0,8.0,Android,2,5709
Nokia,1,2150,4.5,480,854,4,1000,8.0,5.0,2.0,Android,2,4672
Tecno,Camon i,3050,5.65,720,1440,4,3000,32.0,13.0,13.0,Android,2,5930
iVoomi,i1,3000,5.45,640,1280,4,2000,16.0,13.0,8.0,Android,2,4240
Samsung,Galaxy On7 Prime,3300,5.5,1080,1920,8,3000,32.0,13.0,13.0,Android,2,10990
Intex,Aqua Lions X1+,2800,5.2,720,1280,4,3000,32.0,13.0,5.0,Android,2,4199
Kult,Gladiator,4000,5.5,720,1280,4,3000,32.0,13.0,8.0,Android,2,6899
InFocus,Turbo 5 Plus,4850,5.5,720,1280,8,3000,32.0,13.0,5.0,Android,2,5350
Nuu Mobile,M3,3200,5.5,720,1280,4,3000,32.0,8.0,5.0,Android,2,4229
Micromax,Canvas Infinity,2900,5.7,720,1440,4,3000,32.0,13.0,16.0,Android,2,4991
Lyf,C451,2800,4.5,480,854,4,1000,8.0,5.0,2.0,Android,2,3499
Panasonic,Eluga A3 Pro,4000,5.2,720,1280,8,3000,32.0,13.0,8.0,Android,2,9000
Karbonn,K9 Kavach 4G,2300,5.0,720,1280,4,1000,8.0,5.0,5.0,Android,2,3399
Ziox,Astra Titan 4G,3000,5.0,720,1280,4,1000,16.0,5.0,5.0,Android,2,3499
InFocus,Turbo 5,5000,5.2,720,1280,4,2000,16.0,13.0,5.0,Android,2,7099
Karbonn,Aura Note 2,2900,5.5,720,1280,4,2000,16.0,13.0,5.0,Android,2,6200
Zopo,Speed X,2680,5.0,1080,1920,8,3000,32.0,13.0,13.0,Android,2,7399
Intex,Elyt e7,4020,5.2,720,1280,4,3000,32.0,13.0,5.0,Android,2,3999
Micromax,Canvas 2 (2017),3050,5.0,720,1280,4,3000,16.0,13.0,5.0,Android,2,4399
Tecno,i7,4000,5.5,1080,1920,8,4000,32.0,13.0,16.0,Android,2,8966
Lava,Z10,2620,5.0,720,1280,4,2000,16.0,8.0,5.0,Android,2,8920
Vivo,Y66,3000,5.5,720,1280,8,3000,32.0,13.0,16.0,Android,2,10999
Zopo,Flash X Plus,3100,5.5,1080,1920,8,3000,32.0,13.0,8.0,Android,2,6990
Vivo,Y55s,2730,5.2,1280,720,4,3000,16.0,13.0,5.0,Android,2,10990
Nokia,3,2630,5.0,720,1280,4,2000,16.0,8.0,8.0,Android,2,6900
Intex,Aqua Supreme+,3000,5.0,720,1280,4,2000,16.0,13.0,5.0,Android,2,8200
ZTE,Blade A2 Plus,5000,5.5,1080,1920,8,4000,32.0,13.0,8.0,Android,2,12499
Panasonic,Eluga Prim,2500,5.0,720,1280,4,3000,16.0,13.0,5.0,Android,2,8440
Coolpad,Mega 3,3050,5.5,720,1080,4,2000,16.0,8.0,8.0,Android,3,4590
Coolpad,Mega 2.5D,2500,5.5,720,1280,4,3000,16.0,8.0,8.0,Android,2,5990
Gionee,S6 Pro,3130,5.5,1080,1920,8,4000,32.0,13.0,8.0,Android,2,7999
Panasonic,Eluga Arc,1800,4.7,720,1280,4,2000,16.0,8.0,5.0,Android,2,4899
Vivo,V3,2550,5.0,720,1280,8,3000,32.0,13.0,8.0,Android,2,14980
Micromax,Canvas Spark 3,2500,5.5,720,1280,4,1000,8.0,8.0,5.0,Android,2,3968
InFocus,Bingo 21,2300,4.5,850,480,4,2000,8.0,8.0,5.0,Android,2,3740
Honor,Holly 2 Plus,4000,5.0,720,1280,4,2000,16.0,13.0,5.0,Android,2,8556
Karbonn,Quattro L50 HD,2600,5.0,720,1280,8,2000,16.0,13.0,5.0,Android,2,3999
Lyf,Earth 1,3500,5.5,1080,1920,8,3000,32.0,13.0,5.0,Android,2,12999
HTC,One X9,3000,5.5,1080,1920,8,3000,32.0,13.0,5.0,Android,2,14770
Intex,Aqua Ace,2300,5.0,720,1280,4,3000,16.0,13.0,5.0,Android,2,6999
Lava,Pixel V2,2500,5.0,720,1280,4,2000,16.0,13.0,8.0,Android,2,13300
Gionee,F103,2400,5.0,720,1280,4,2000,16.0,8.0,5.0,Android,2,10200
Micromax,Canvas Nitro 4G,2500,5.0,720,1280,8,2000,16.0,13.0,5.0,Android,2,4799
Vivo,V1Max,2720,5.5,720,1280,8,2000,16.0,13.0,5.0,Android,2,13000
Panasonic,Eluga Icon,3500,5.5,720,1280,8,2000,16.0,13.0,8.0,Android,2,4500
Karbonn,Titanium Mach Five,2200,5.0,720,1280,4,2000,16.0,8.0,5.0,Android,2,2999
InFocus,M370,2230,5.0,720,1280,4,1000,8.0,8.0,2.0,Android,2,7999
Micromax,Canvas Xpress 2,2500,5.0,720,1280,8,1000,8.0,13.0,2.0,Android,2,6199
Lava,Pixel V1,2650,5.5,720,1280,4,2000,32.0,8.0,5.0,Android,2,3999
Micromax,Canvas Doodle 4,3000,6.0,540,960,4,1000,8.0,8.0,2.0,Android,2,9500
Sony,Xperia Z3+,2930,5.2,1080,1920,8,3000,32.0,20.7,5.0,Android,1,34915
LG,G4 Stylus,3000,5.7,720,1280,4,1000,16.0,13.0,5.0,Android,2,5999
Intex,Cloud N,1400,4.0,480,800,4,1000,8.0,8.0,2.0,Android,2,3500
Micromax,Unite 3,2000,4.7,480,800,4,1000,8.0,8.0,2.0,Android,2,3999
Micromax,Canvas Spark,2000,4.7,540,960,4,1000,8.0,8.0,2.0,Android,2,5999
Microsoft,Lumia 540 Dual SIM,2200,5.0,720,1280,4,1000,8.0,8.0,5.0,Windows,2,7000
HTC,One M9+,2840,5.2,1440,2560,8,2000,16.0,20.0,4.0,Android,1,11000
Intex,Aqua Speed HD,1700,4.7,720,1280,4,2000,16.0,8.0,5.0,Android,2,7500
Karbonn,Titanium Mach Two S360,1900,5.0,720,1280,8,1000,8.0,8.0,8.0,Android,2,7800
BlackBerry,Leap,2800,5.0,720,1280,2,2000,16.0,8.0,2.0,BlackBerry,1,7200
Asus,ZenFone C (ZC451CG),2100,4.5,480,854,2,1000,8.0,5.0,0.3,Android,2,5499
Lava,Iris X8,2500,5.0,720,1280,8,1000,8.0,8.0,3.0,Android,2,8500
Gionee,Pioneer P6,1950,5.0,480,854,4,1000,8.0,5.0,2.0,Android,2,4150
Karbonn,Machone Titanium S310,1800,4.7,720,1280,4,1000,8.0,8.0,5.0,Android,2,7000
Micromax,Canvas Hue,3000,5.0,720,1280,4,1000,8.0,8.0,2.0,Android,2,5599
BlackBerry,Classic,2515,3.5,720,720,2,2000,16.0,8.0,2.0,BlackBerry,1,13899
Intex,Aqua Power,4000,5.0,480,854,8,1000,8.0,8.0,2.0,Android,2,4500
Gionee,Marathon M3,5000,5.0,720,1280,4,1000,8.0,8.0,2.0,Android,2,3490
Honor,Holly,2000,5.0,720,1280,4,1000,16.0,8.0,2.0,Android,2,5999
Gionee,Elife S5.1,2050,4.8,720,1280,8,1000,16.0,8.0,5.0,Android,1,5499
HTC,Desire 816G,2600,5.5,720,1280,4,1000,8.0,13.0,5.0,Android,2,21990
Lenovo,Vibe X2,2300,5.0,1080,1920,8,2000,32.0,13.0,5.0,Android,2,17499
ZTE,V5,2400,5.0,720,1280,4,1000,4.0,13.0,5.0,Android,2,3399
Xolo,Play 8X-1100,2100,5.0,720,1280,8,2000,16.0,13.0,5.0,Android,2,5888
LG,G3 Stylus,3000,5.5,540,960,4,1000,8.0,13.0,1.3,Android,2,10490
iBall,Andi 5K Panther,1900,5.0,540,960,8,1000,8.0,8.0,2.0,Android,2,3199
HTC,Desire 616 Dual SIM,2000,5.0,720,1280,8,1000,4.0,8.0,2.0,Android,2,7999
LG,G3 Beat,2540,5.0,720,1280,4,1000,8.0,8.0,1.3,Android,1,5999
Xolo,Win Q900s,1800,4.7,720,1280,4,1000,8.0,8.0,2.0,Windows,2,4495
Sony,Xperia T3,2500,5.3,720,1280,4,1000,8.0,8.0,1.1,Android,1,18490
Micromax,Unite 2,2000,4.7,480,800,4,1000,4.0,5.0,2.0,Android,2,8999
Lava,Iris X1,1800,4.5,480,854,4,1000,4.0,8.0,2.0,Android,2,3632
BlackBerry,Z3,2500,5.0,540,960,2,1000,8.0,5.0,1.1,BlackBerry,1,19000
Lava,Iris Pro 20,2000,4.7,540,960,4,1000,4.0,8.0,0.3,Android,2,5040
LG,L90 Dual,2540,4.7,540,960,4,1000,8.0,8.0,0.3,Android,2,3299
Karbonn,Titanium Octane Plus,2000,5.0,1080,1920,8,2000,16.0,16.0,8.0,Android,2,12494
Lenovo,S860,4000,5.3,720,1280,4,2000,16.0,8.0,1.5,Android,2,18748
Micromax,Canvas Turbo Mini,1800,4.69,720,1280,4,1000,4.0,8.0,5.0,Android,2,6495
Intex,Aqua Octa,2300,6.0,720,1280,8,2000,16.0,13.0,5.0,Android,2,16818
Xolo,Q3000,4000,5.7,1080,1920,4,2000,16.0,13.0,5.0,Android,2,18138
Gionee,Pioneer P3,1700,4.3,480,800,4,512,4.0,5.0,0.3,Android,2,7494
Nokia,Lumia 525,1430,4.0,480,800,2,1000,8.0,5.0,0.0,Windows,1,7500
Xolo,Q2000,2600,5.5,720,1280,4,1000,8.0,13.0,2.0,Android,2,14534
Micromax,Canvas Turbo,2000,5.0,1080,1920,4,2000,16.0,13.0,5.0,Android,2,17490
Nokia,Lumia 1320,3400,6.0,720,1280,2,1000,8.0,5.0,0.3,Windows,1,9960
LG,G Pro Lite,3140,5.5,540,960,2,1000,8.0,8.0,1.3,Android,2,5899
BlackBerry,Z30,2880,5.0,720,1280,2,2000,16.0,8.0,2.0,BlackBerry,1,8300
HTC,Desire 500,1800,4.3,480,800,4,1000,4.0,8.0,1.6,Android,2,19000
Nokia,Lumia 625,2000,4.7,480,800,2,512,8.0,5.0,0.3,Windows,1,4999
Xolo,Play T1000,2000,4.7,720,1280,4,1000,4.0,8.0,2.0,Android,1,14153
Gionee,Elife E3,1800,4.7,720,1280,4,1000,16.0,8.0,2.0,Android,2,6499
Samsung,Galaxy S4 Zoom,2330,4.3,560,960,2,1000,8.0,16.0,1.9,Android,1,15990
HTC,Desire 600,1860,4.5,540,960,4,1000,8.0,8.0,1.6,Android,2,22500
Samsung,Galaxy Pocket,1200,2.8,240,320,1,289,3.0,2.0,0.0,Android,1,3190
Samsung,Galaxy Grand Duos,2100,5.0,480,800,2,1000,8.0,8.0,2.0,Android,2,8999
Nokia,Asha 501,1200,3.0,240,320,1,64,0.128,3.2,0.0,Cyanogen,2,4999
Nokia,Lumia 610,1300,3.7,480,800,1,256,8.0,5.0,0.0,Windows,1,4990
Nokia,Lumia 520,1430,4.0,480,800,2,512,8.0,5.0,0.0,Windows,1,3850
LG,Optimus L3 II Dual,1540,3.2,240,320,1,512,4.0,3.0,0.0,Android,2,1999
Coolpad,Cool 5,4000,6.22,720,1520,8,4000,64.0,13.0,16.0,Android,1,6999
iVoomi,Innelo 1,3000,5.86,720,1520,4,2000,16.0,13.0,5.0,Android,2,4499
Mobiistar,XQ Dual,3000,5.5,1080,1920,8,3000,32.0,13.0,13.0,Android,2,5199
Comio,X1 Note,2900,6.0,1080,2160,4,3000,32.0,13.0,8.0,Android,2,6300
Intex,Aqua Lions N1,1400,4.0,480,800,4,1000,8.0,2.0,0.3,Android,2,2590
Karbonn,A40 Indian,1400,4.0,480,800,4,1000,8.0,2.0,0.3,Android,2,3250
Videocon,Metal Pro 2,2000,5.0,720,1280,4,2000,16.0,13.0,5.0,Android,2,3999
iVoomi,Me 1+,3000,5.0,720,1280,4,2000,16.0,8.0,5.0,Android,2,3499
iVoomi,Me 1,3000,5.0,720,1280,4,1000,8.0,5.0,5.0,Android,2,4999
Asus,ZenFone Live,2650,5.0,720,1280,4,2000,16.0,13.0,5.0,Android,2,4599
Intex,Aqua Crystal,2100,5.0,720,1280,4,1000,8.0,8.0,5.0,Android,2,6000
Alcatel,Pixi 4 (5),2000,5.0,480,854,1,1000,8.0,8.0,5.0,Android,2,2999
Reach,Allure,2600,5.5,540,960,4,1000,8.0,10.0,5.0,Android,2,2699
Karbonn,Quattro L52,2250,5.0,720,1280,4,2000,16.0,8.0,5.0,Android,2,8649
InFocus,Bingo 10,2000,4.5,480,854,4,1000,8.0,5.0,5.0,Android,2,3199
HTC,Desire 626 Dual SIM,2000,5.0,720,1280,8,2000,16.0,13.0,5.0,Android,2,5499
Intex,Aqua Trend,3000,5.0,720,1280,4,2000,16.0,13.0,5.0,Android,2,4444
HTC,Desire 310,2000,4.5,480,854,4,512,4.0,5.0,0.3,Android,2,2699
Xolo,Q1000 Opus,2000,5.0,480,854,4,1000,4.0,5.0,0.3,Android,2,9499
BlackBerry,9720,1450,2.8,360,480,1,512,0.512,5.0,0.0,BlackBerry,1,7500
Zen,Cinemax 3,2900,5.5,480,854,4,2000,16.0,5.0,3.2,Android,2,3299
Samsung,Galaxy S20+,4500,6.7,1440,3200,8,8000,128.0,12.0,10.0,Android,2,73999
Samsung,Galaxy S20 Ultra,5000,6.9,1440,3200,8,12000,128.0,108.0,40.0,Android,2,92999
Xiaomi,Redmi 8A Dual,5000,6.22,720,1520,8,2000,32.0,13.0,8.0,Android,2,6499
Lava,Z53,4120,6.1,600,1280,4,1000,16.0,8.0,5.0,Android,2,4829
Samsung,Galaxy Z Flip,3300,6.7,1080,2636,8,8000,256.0,12.0,10.0,Android,1,174990
Samsung,Galaxy S20,4000,6.2,1440,3200,8,8000,128.0,12.0,10.0,Android,2,66999
Lava,Z71,3200,5.7,720,1520,8,2000,32.0,13.0,5.0,Android,2,6299
Nokia,2.3,4000,6.2,720,1520,4,2000,32.0,13.0,5.0,Android,2,7149
Tecno,Spark Power,6000,6.35,720,1548,8,4000,64.0,13.0,13.0,Android,2,8499
Vivo,Y19,5000,6.53,1080,2340,8,4000,128.0,16.0,16.0,Android,2,13990
Lava,Z41,2500,5.0,480,854,4,1000,16.0,5.0,2.0,Android,2,3899
Tecno,Camon 12 Air,4000,6.55,720,1600,8,4000,64.0,16.0,8.0,Android,2,9960
Micromax,iOne Note,3950,6.09,720,1560,8,2000,16.0,13.0,5.0,Android,2,6694
Google,Pixel 4 XL,3700,6.3,1440,3040,8,6000,64.0,16.0,8.0,Android,2,83900
Google,Pixel 4,2800,5.7,1080,2280,8,6000,64.0,16.0,8.0,Android,2,69500
Lenovo,K10 Plus,4050,6.22,720,1520,8,4000,64.0,13.0,16.0,Android,2,10999
Samsung,Galaxy A70s,4500,6.7,1080,2400,8,6000,128.0,64.0,32.0,Android,1,25999
Apple,iPhone 11 Pro,3046,5.8,1125,2436,6,4000,64.0,12.0,12.0,iOS,2,96900
Samsung,Galaxy A20s,4000,6.5,720,1560,8,3000,32.0,13.0,8.0,Android,2,10999
Oppo,Reno 2F,4000,6.53,1080,2340,8,8000,128.0,48.0,16.0,Android,1,20900
Samsung,Galaxy A30s,4000,6.4,720,1560,8,4000,64.0,25.0,16.0,Android,2,13980
Lava,Z93,3500,6.22,720,1520,8,3000,32.0,13.0,8.0,Android,2,8099
HTC,Wildfire X,3300,6.22,720,1520,8,3000,32.0,12.0,8.0,Android,2,7999
Samsung,Galaxy A10s,4000,6.2,720,1520,8,2000,32.0,13.0,8.0,Android,2,8499
Huawei,Mate 30 Pro,4500,6.53,1176,2400,8,8000,128.0,40.0,32.0,Android,2,77299
Samsung,Galaxy Note 10,3500,6.3,1080,2280,8,8000,256.0,12.0,10.0,Android,2,69999
Tecno,Phantom 9,3500,6.4,1080,2340,8,6000,128.0,16.0,32.0,Android,2,12999
LG,W30 Pro,4050,6.22,720,1520,8,4000,64.0,13.0,16.0,Android,2,12480
Vivo,Y12,5000,6.35,720,1544,8,3000,64.0,8.0,8.0,Android,2,9550
Itel,A46,2400,5.45,720,1440,8,2000,16.0,8.0,5.0,Android,1,4450
Huawei,Y9 Prime 2019,4000,6.59,1080,2340,8,4000,128.0,16.0,16.0,Android,2,14450
Samsung,Galaxy A80,3700,6.7,1080,2400,8,8000,128.0,48.0,0.0,Android,2,35990
Oppo,Reno,3765,6.4,1080,2340,8,8000,128.0,48.0,16.0,Android,2,26990
Samsung,Galaxy A2 Core,2600,5.0,540,960,8,1000,16.0,5.0,5.0,Android,2,5290
Samsung,Galaxy A20,4000,6.4,720,1560,8,3000,32.0,13.0,8.0,Android,1,9900
Vivo,Y91i,4030,6.22,720,1520,8,2000,16.0,13.0,5.0,Android,2,6799
Panasonic,Eluga Ray 800,4000,5.5,1080,1920,8,4000,64.0,13.0,8.0,Android,2,6488
Lava,Z40,2250,4.0,400,800,4,1000,8.0,2.0,2.0,Android,2,3499
Samsung,Galaxy Fold,4380,7.3,1536,2152,8,12000,512.0,16.0,10.0,Android,2,164999
Gionee,F205 Pro,3000,5.45,720,1440,4,2000,16.0,13.0,5.0,Android,1,4488
Tecno,Camon iAce 2X,3050,5.5,720,1440,4,3000,32.0,13.0,8.0,Android,2,5899
Tecno,Camon iAce 2,3050,5.5,720,1440,4,2000,32.0,13.0,8.0,Android,2,5199
Coolpad,Cool 3,3000,5.71,720,1520,8,3000,32.0,8.0,5.0,Android,2,4649
Vivo,Y91,4030,6.22,720,1520,8,2000,32.0,13.0,8.0,Android,2,8349
Itel,A44 Air,2400,5.45,480,960,4,1000,8.0,5.0,2.0,Android,2,3751
Oppo,R15 Pro,3400,6.28,1080,2280,8,6000,128.0,20.0,20.0,Android,2,14299
10.or,G2,5000,6.18,1080,2246,8,4000,64.0,16.0,12.0,Android,2,7999
Xolo,Era 4X,3000,5.45,720,1440,4,1000,16.0,8.0,5.0,Android,2,3999
Micromax,Infinity N11,4000,6.19,720,1500,8,2000,32.0,13.0,8.0,Android,2,5899
Tambo,TA-3,2100,4.95,480,960,4,1000,16.0,5.0,5.0,Android,2,3790
Tambo,TA-2,2500,5.0,480,854,8,1000,8.0,5.0,5.0,Android,2,3400
Meizu,M6T,3300,5.7,720,1440,8,3000,32.0,13.0,8.0,Android,2,8999
Meizu,C9,3000,5.45,720,1440,4,2000,16.0,13.0,8.0,Android,2,3539
Motorola,Moto G7 Power,5000,6.2,720,1520,8,3000,32.0,12.0,8.0,Android,2,10870
Motorola,Moto G7,3000,6.2,1080,2270,8,4000,64.0,12.0,8.0,Android,2,8961
Itel,A44 Power,4000,5.45,480,960,4,1000,8.0,5.0,2.0,Android,2,3990
Vivo,Y95,4030,6.22,720,1520,8,4000,64.0,13.0,20.0,Android,1,10499
Lava,Z81,3000,5.7,720,1440,4,2000,16.0,13.0,13.0,Android,2,6999
Vivo,Y93,4030,6.2,720,1580,8,3000,64.0,13.0,8.0,Android,1,9950
Micromax,Bharat 5 Infinity Edition,5000,5.45,720,1440,4,1000,16.0,5.0,5.0,Android,2,4699
Micromax,Spark Go,2000,5.0,480,854,4,1000,8.0,5.0,2.0,Android,2,3099
Panasonic,Eluga Z1 Pro,4000,6.19,720,1500,8,4000,64.0,13.0,8.0,Android,2,8490
Panasonic,Eluga Z1,4000,6.19,720,1500,8,3000,32.0,13.0,8.0,Android,2,6990
Panasonic,Eluga Ray 530,3000,5.7,720,1440,4,3000,32.0,13.0,5.0,Android,2,8999
Razer,Phone 2,4000,5.72,1440,2560,8,8000,64.0,12.0,8.0,Android,1,54990
iVoomi,Z1,2800,5.67,720,1498,4,2000,16.0,13.0,5.0,Android,2,4490
Panasonic,Eluga X1,3000,6.18,1080,2246,8,4000,64.0,16.0,16.0,Android,2,8899
Intex,Staari 11,2400,5.0,720,1280,4,2000,16.0,8.0,8.0,Android,2,6999
iVoomi,iPro,2000,4.95,480,960,4,1000,8.0,5.0,5.0,Android,2,2999
Vivo,V11,3315,6.3,1080,2340,8,6000,64.0,16.0,25.0,Android,2,14229
Motorola,One,3000,5.9,720,1440,8,4000,64.0,13.0,8.0,Android,1,9490
HTC,U12 Life,3600,6.0,1080,2160,8,4000,64.0,16.0,13.0,Android,2,12990
Yu,Ace,4000,5.45,720,1440,4,2000,16.0,13.0,5.0,Android,2,3999
Homtom,H5,3300,5.5,720,1440,8,3000,32.0,16.0,8.0,Android,2,4840
Homtom,H3,3500,5.5,720,1440,8,3000,32.0,13.0,8.0,Android,2,4900
Homtom,H1,3000,5.5,640,1280,8,2000,16.0,13.0,8.0,Android,2,3749
Lava,Z60s,2500,5.0,720,1080,4,1000,16.0,5.0,5.0,Android,1,4890
Itel,A22 Pro,2400,5.0,480,960,4,2000,16.0,5.0,2.0,Android,2,4350
Itel,A45,2700,5.45,720,1440,4,1000,8.0,5.0,5.0,Android,2,4999
Samsung,Galaxy A8 Star,3700,6.28,1880,2220,8,6000,64.0,16.0,24.0,Android,2,20800
Vivo,Y83 Pro,3260,6.22,720,1520,8,4000,64.0,13.0,8.0,Android,1,13950
Tecno,Camon iSky 2,3050,5.5,720,1440,4,2000,16.0,13.0,13.0,Android,2,5899
Tecno,Camon iACE,3050,5.5,720,1440,4,2000,16.0,13.0,8.0,Android,2,4599
Oppo,R17,3500,6.4,1080,2280,8,8000,128.0,16.0,25.0,Android,1,17990
Meizu,16,3010,6.0,1080,2160,8,6000,64.0,12.0,20.0,Android,2,19490
BlackBerry,Evolve,4000,5.99,1080,2160,8,4000,64.0,13.0,16.0,Android,1,13999
Samsung,Galaxy On8 (2018),3500,6.0,720,1480,8,4000,64.0,16.0,16.0,Android,2,19990
Tecno,Camon iTwin,4000,6.0,720,1440,4,3000,32.0,13.0,13.0,Android,2,8990
Vivo,Y71i,3285,6.0,720,1440,4,2000,16.0,8.0,5.0,Android,1,7500
Alcatel,5V,4000,6.2,720,1500,8,3000,32.0,12.0,8.0,Android,1,12999
Intex,Infie 33,3000,5.34,480,960,4,1000,8.0,5.0,5.0,Android,2,3499
Intex,Infie 3,2000,4.95,480,960,4,1000,8.0,5.0,2.0,Android,2,3450
Oppo,A3s,4230,6.2,720,1520,8,2000,16.0,13.0,8.0,Android,1,7450
Oppo,A5,4230,6.2,720,1520,8,4000,32.0,13.0,8.0,Android,2,8990
Vivo,Z10,3225,6.0,720,1440,8,4000,32.0,16.0,24.0,Android,1,7994
Samsung,Galaxy On6,3000,5.6,720,1480,8,4000,64.0,13.0,8.0,Android,2,17600
Alcatel,1,2000,5.0,480,960,4,1000,8.0,5.0,2.0,Android,1,3499
Vivo,Y81,3260,6.22,720,1520,8,3000,32.0,13.0,5.0,Android,2,9790
Panasonic,P90,2400,5.0,720,1280,4,1000,16.0,5.0,5.0,Android,2,3899
Lephone,Dazen 6A,3000,5.7,720,1440,4,2000,16.0,13.0,5.0,Android,1,7900
Comio,C1 Pro,2500,5.0,720,1440,4,1000,16.0,8.0,5.0,Android,2,6499
iVoomi,V5,2800,5.0,480,854,4,1000,8.0,5.0,5.0,Android,2,2999
LG,Q Stylus+,3300,6.2,1080,2160,8,4000,64.0,16.0,5.0,Android,1,16999
LG,Q Stylus,3300,6.2,1080,2160,8,3000,32.0,16.0,5.0,Android,1,14999
Lenovo,A5,4000,5.45,720,1440,4,2000,16.0,13.0,8.0,Android,2,5300
Nokia,3.1,2990,5.2,720,1440,8,2000,16.0,13.0,8.0,Android,1,5994
Aqua,Jazz,2800,5.0,720,1280,4,1000,16.0,13.0,5.0,Android,1,4599
Vivo,Y83,3260,6.22,720,1520,8,4000,32.0,13.0,8.0,Android,2,10399
BlackBerry,KEY2,3500,4.5,1080,1620,8,4000,64.0,12.0,8.0,Android,2,19994
Mobiistar,CQ,3000,5.0,720,1280,4,2000,16.0,8.0,13.0,Android,2,4294
Micromax,Bharat Go,2000,4.5,480,854,4,1000,8.0,5.0,5.0,Android,2,3789
iVoomi,i2,4000,5.45,720,1440,4,3000,32.0,13.0,8.0,Android,2,4299
LG,Q7+,3000,5.5,1080,2160,8,4000,64.0,16.0,5.0,Android,1,11849
LG,Q7,3000,5.5,1080,2160,8,3000,32.0,13.0,8.0,Android,1,8875
HTC,U12+,3500,6.0,1440,2880,8,6000,64.0,12.0,8.0,Android,2,74990
Nokia,X6,3060,5.8,1080,2280,8,4000,32.0,16.0,16.0,Android,2,6999
Kult,Impulse,4000,5.99,720,1440,4,3000,32.0,13.0,13.0,Android,2,4378
Samsung,Galaxy J4,3000,5.5,720,1280,4,2000,16.0,13.0,5.0,Android,2,6924
Karbonn,Frames S9,2900,5.2,720,1280,4,2000,16.0,8.0,8.0,Android,2,6999
Intex,Staari 10,2800,5.2,720,1280,4,3000,32.0,13.0,5.0,Android,2,4999
Panasonic,P95,2300,5.0,720,1280,4,1000,16.0,8.0,5.0,Android,2,3675
LG,G7 ThinQ,3000,6.1,1440,3120,8,4000,64.0,16.0,8.0,Android,2,35999
Samsung,Galaxy A6,3000,5.6,720,1480,8,4000,32.0,16.0,16.0,Android,1,12999
Samsung,Galaxy J2 (2018),2600,5.0,540,960,4,2000,16.0,8.0,5.0,Android,2,6799
Vivo,Y53i,2500,5.0,540,960,4,2000,16.0,8.0,5.0,Android,2,7706
Vivo,V9 Youth,3260,6.3,1080,2280,8,4000,32.0,16.0,16.0,Android,2,8990
Motorola,Moto E5,4000,5.7,720,1440,4,2000,16.0,13.0,5.0,Android,2,7950
Vivo,Y71,3360,6.0,720,1440,4,3000,16.0,13.0,5.0,Android,2,8500
Coolpad,A1,2500,5.0,720,1280,4,2000,16.0,8.0,5.0,Android,1,4590
Samsung,Galaxy J7 Duo,3000,5.5,720,1280,8,4000,32.0,13.0,8.0,Android,2,10640
Honor,7A,3000,5.7,720,1440,8,2000,32.0,13.0,8.0,Android,2,6999
Lava,Z91,3000,5.7,720,1440,4,2000,16.0,13.0,8.0,Android,2,7999
Oppo,A83 (2018),3180,5.7,720,1440,8,2000,16.0,13.0,8.0,Android,2,9490
LG,K9,2500,5.0,720,1280,4,2000,16.0,8.0,5.0,Android,2,6299
Samsung,Galaxy J7 Prime 2,3300,5.5,1080,1920,8,3000,32.0,13.0,13.0,Android,2,10500
Intex,Aqua Lions E3,2500,5.0,720,1280,4,2000,16.0,8.0,5.0,Android,2,3999
Itel,A44 Pro,2400,5.45,720,1440,4,2000,16.0,8.0,8.0,Android,2,3890
Itel,A44,2400,5.45,480,960,4,1000,8.0,5.0,5.0,Android,2,6600
Motorola,Moto G6 Plus,3200,5.93,1080,2160,8,4000,64.0,12.0,8.0,Android,2,12900
Lava,Z50,2000,4.5,480,854,4,1000,8.0,5.0,5.0,Android,2,4540
Sony,Xperia XZ2,3180,5.7,1080,2160,8,4000,64.0,19.0,5.0,Android,2,57900
Alcatel,3V,3000,6.0,1080,2160,4,3000,32.0,16.0,8.0,Android,2,10999
Alcatel,3X,3000,5.7,720,1440,4,3000,32.0,13.0,5.0,Android,2,9999
Cat,S61,4500,5.2,1080,1920,8,4000,64.0,16.0,8.0,Android,1,67900
Karbonn,Titanium Jumbo 2,4000,5.5,720,1280,4,2000,16.0,13.0,8.0,Android,2,8226
Celkon,UniQ,2700,5.0,720,1280,4,3000,32.0,16.0,8.0,Android,2,7249
Comio,C2 Lite,3900,5.0,720,1280,4,1000,16.0,8.0,5.0,Android,2,5999
Comio,S1 Lite,3050,5.0,720,1280,4,2000,32.0,13.0,8.0,Android,2,5399
Ziox,Duopix F9,2500,5.0,720,1280,4,1000,16.0,8.0,8.0,Android,1,3599
Intex,Aqua Lions T1 Lite,2200,5.0,720,1280,4,1000,8.0,5.0,2.0,Android,1,3799
Panasonic,P100,2200,5.0,720,1280,4,1000,16.0,8.0,5.0,Android,2,4499
InFocus,A2,2400,5.0,720,1280,4,1000,8.0,5.0,5.0,Android,1,3899
Oppo,A71 (2018),3000,5.2,720,1280,8,3000,16.0,13.0,5.0,Android,2,7999
Vivo,Y53,2500,5.0,540,960,4,2000,16.0,8.0,5.0,Android,2,8490
Ziox,Astra Star,2350,5.0,480,854,4,1000,16.0,5.0,2.0,Android,2,3799
HTC,U11 EYEs,3930,6.0,1080,2160,8,4000,64.0,12.0,5.0,Android,2,19999
Karbonn,Titanium Frames S7,3000,5.5,1080,1920,4,3000,32.0,13.0,13.0,Android,2,4799
iVoomi,i1s,3000,5.45,640,1280,4,3000,32.0,13.0,8.0,Android,2,4999
Sony,Xperia L2,3300,5.5,720,1280,4,3000,32.0,13.0,8.0,Android,2,73300
Sony,Xperia XA2 Ultra,3580,6.0,1080,1920,8,4000,32.0,23.0,16.0,Android,2,74164
Micromax,Bharat 5 Plus,5000,5.2,720,1280,4,2000,16.0,8.0,5.0,Android,1,4470
Gionee,S10 Lite,3100,5.2,720,1280,4,4000,32.0,13.0,16.0,Android,2,6290
Ziox,Duopix R1,2600,5.0,720,1280,4,1000,8.0,8.0,5.0,Android,2,3199
Celkon,Star 4G+,1800,4.0,480,800,4,512,4.0,3.2,2.0,Android,2,2999
Karbonn,K9 Music 4G,2200,5.0,480,854,4,1000,16.0,8.0,5.0,Android,2,4190
Itel,A20,1700,4.0,480,800,4,1000,8.0,2.0,0.3,Android,2,3749
Jivi,Revolution TnT3,2300,4.0,480,800,4,1000,8.0,5.0,2.0,Android,2,2550
Panasonic,Eluga I9,2500,5.0,720,1280,4,3000,32.0,13.0,5.0,Android,2,5490
Intex,Elyt E6,4000,5.0,720,1280,4,3000,32.0,13.0,8.0,Android,2,6729
Micromax,Bharat 2 Plus,1600,4.0,480,800,4,1000,8.0,5.0,2.0,Android,2,2340
Micromax,Canvas Infinity Pro,3000,5.7,720,1440,8,4000,64.0,20.0,16.0,Android,2,6999
Kult,Ambition,2600,5.0,720,1280,4,3000,32.0,13.0,5.0,Android,2,3999
Micromax,Bharat 5,5000,5.2,720,1280,4,1000,16.0,5.0,5.0,Android,2,4790
Intex,Elyt Dual,2400,5.0,720,1280,4,2000,16.0,8.0,8.0,Android,2,5295
Gionee,F205,2670,5.45,720,1440,8,2000,16.0,8.0,5.0,Android,2,3999
Panasonic,P91,2500,5.0,720,1280,4,1000,16.0,8.0,5.0,Android,2,7990
Infinix,Zero 5,4350,5.98,1080,1920,8,6000,64.0,12.0,16.0,Android,2,12999
Intex,Aqua Jewel 2,2500,5.0,720,1280,4,2000,16.0,8.0,5.0,Android,2,4970
Intex,Aqua Lions T1,2700,5.2,480,854,4,1000,8.0,8.0,5.0,Android,2,4495
Karbonn,K9 Smart Eco,2300,5.0,480,854,4,1000,8.0,2.0,2.0,Android,2,2999
Karbonn,K9 Smart Yuva,2300,5.0,480,854,4,1000,8.0,5.0,2.0,Android,2,3800
Karbonn,A1 Indian,1500,4.0,480,800,4,1000,8.0,3.2,2.0,Android,2,2450
Billion,Capture+,3500,5.5,1080,1920,8,3000,32.0,13.0,8.0,Android,2,4890
Zen,Admire Unity,2300,5.0,480,854,4,1000,8.0,5.0,2.0,Android,2,3999
Panasonic,Eluga I5,2500,5.0,720,1280,4,2000,16.0,13.0,5.0,Android,2,8990
Itel,S21,2700,5.0,480,854,4,1000,16.0,8.0,5.0,Android,2,4900
Panasonic,Eluga A4,5000,5.2,720,1280,4,3000,32.0,13.0,5.0,Android,2,5935
Xiaomi,Redmi Y1 Lite,3080,5.5,720,1280,4,2000,16.0,13.0,5.0,Android,2,5999
Huawei,Holly 4 Plus,4000,5.5,720,1290,4,3000,32.0,12.0,8.0,Android,2,14990
Karbonn,K9 Smart Selfie,2300,5.0,480,854,4,1000,8.0,5.0,8.0,Android,2,3282
Celkon,Smart 4G,1500,4.0,480,800,4,1000,8.0,3.2,2.0,Android,2,3199
Sony,Xperia R1 Plus,2620,5.2,720,1280,8,3000,32.0,13.0,8.0,Android,2,9500
Sony,Xperia R1,2620,5.2,720,1280,8,2000,16.0,13.0,8.0,Android,2,9990
Karbonn,Titanium Jumbo,4000,5.0,720,1280,4,2000,16.0,13.0,8.0,Android,1,7490
Micromax,Bharat-2 Ultra,1300,4.0,480,800,4,512,4.0,2.0,0.3,Android,2,2299
Nokia,2,4100,5.0,720,1280,4,1000,8.0,8.0,5.0,Android,2,6999
Lephone,W15,2000,5.0,720,1280,4,2000,16.0,8.0,5.0,Android,2,3970
Xolo,Era 3,2500,5.0,720,1280,4,1000,8.0,5.0,8.0,Android,1,5999
Xolo,Era 2V,3000,5.0,720,1280,4,2000,16.0,8.0,13.0,Android,2,7499
Xolo,Era 3X,3000,5.0,720,1280,4,3000,16.0,13.0,13.0,Android,2,8499
Samsung,Galaxy J2 (2017),2000,4.7,540,960,4,1000,8.0,5.0,2.0,Android,2,6000
Swipe,Elite Pro,2500,5.0,720,1280,4,3000,32.0,13.0,8.0,Android,2,4399
BlackBerry,Motion,4000,5.5,1080,1920,8,4000,32.0,12.0,8.0,Android,1,29999
Lava,Z90,2750,5.2,720,1280,4,3000,32.0,8.0,8.0,Android,2,9999
Lava,Z80,2500,5.0,720,1280,4,3000,16.0,8.0,5.0,Android,2,4725
Lava,Z70,2500,5.0,720,1280,4,2000,16.0,8.0,5.0,Android,2,5279
Comio,C2,4000,5.0,720,1280,4,2000,16.0,8.0,8.0,Android,2,4199
LG,K7i,2500,5.0,480,854,4,2000,16.0,8.0,5.0,Android,2,4321
Ziox,Astra Curve 4G,2200,5.0,480,854,4,2000,16.0,5.0,2.0,Android,2,3799
Panasonic,Eluga I4,3000,5.0,720,1280,4,2000,16.0,8.0,5.0,Android,2,5699
10.or,G,4000,5.5,1080,1920,8,3000,32.0,13.0,16.0,Android,2,6999
Karbonn,K9 Smart Grand,2300,5.2,480,854,4,1000,8.0,8.0,5.0,Android,2,3490
Intex,Aqua Lions 2,2400,5.0,240,854,4,1000,8.0,5.0,5.0,Android,1,3890
Itel,S41,2700,5.0,720,1280,4,3000,16.0,8.0,8.0,Android,2,5410
Intex,Aqua S1,2300,5.0,480,854,4,1000,8.0,5.0,5.0,Android,2,3299
Intex,Cloud C1,1750,4.0,480,800,4,1000,8.0,5.0,2.0,Android,2,2950
Gionee,X1s,4000,5.2,720,1280,4,3000,16.0,13.0,16.0,Android,2,5699
Micromax,Bharat 4,2500,5.0,720,1280,4,1000,8.0,5.0,5.0,Android,2,3480
Micromax,Bharat 3,2000,4.5,480,854,1,1000,8.0,5.0,5.0,Android,2,3290
Panasonic,Eluga Ray 700,5000,5.5,1080,1920,8,3000,32.0,13.0,13.0,Android,2,6999
Panasonic,Eluga Ray 500,4000,5.0,720,1280,4,3000,32.0,13.0,5.0,Android,2,5891
Yu,reka 2,3930,5.5,1080,1920,8,4000,64.0,16.0,8.0,Android,2,13999
Intex,Aqua 5.5 VR+,2800,5.5,720,1280,4,2000,16.0,8.0,5.0,Android,2,4799
InFocus,Snap 4,3000,5.2,720,1280,8,4000,64.0,13.0,8.0,Android,1,6195
10.or,E,4000,5.5,1080,1920,8,2000,16.0,13.0,5.0,Android,2,4999
Lenovo,K8,4000,5.2,720,1280,8,3000,32.0,13.0,8.0,Android,2,7040
Panasonic,P9,2210,5.0,480,854,4,1000,16.0,8.0,5.0,Android,2,6604
Oppo,A71,3000,5.2,720,1280,8,2000,16.0,13.0,5.0,Android,2,8490
iVoomi,Me 3s,3000,5.2,720,1280,4,3000,32.0,13.0,8.0,Android,2,4950
iVoomi,Me 3,3000,5.2,720,1280,4,2000,16.0,8.0,8.0,Android,2,3790
Alcatel,A7,4000,5.5,1080,1920,8,3000,32.0,16.0,8.0,Android,1,8999
Cat,S31,4000,4.7,720,1280,4,2000,16.0,8.0,2.0,Android,2,27990
Cat,S41,5000,5.0,1080,1920,8,3000,32.0,13.0,8.0,Android,2,44990
Sony,Xperia XA1 Plus,3430,5.5,1080,1920,8,3000,32.0,23.0,8.0,Android,2,15990
Intex,Aqua Note 5.5,2800,5.5,720,1280,4,2000,16.0,8.0,5.0,Android,2,4390
Jivi,Grand 3000,3000,5.5,720,1280,4,2000,16.0,13.0,5.0,Android,1,6449
Jivi,Prime 390,2400,5.0,480,854,4,1000,16.0,8.0,5.0,Android,1,5199
Jivi,Prime 300,2500,5.0,480,854,4,1000,8.0,8.0,5.0,Android,1,3599
Jivi,Energy E12,2300,4.0,480,800,4,1000,8.0,5.0,2.0,Android,1,2499
Jivi,Energy E3,1800,4.0,480,800,4,512,4.0,5.0,2.0,Android,1,2599
Intex,Aqua Style III,2500,5.0,480,854,4,1000,16.0,5.0,5.0,Android,1,4999
Vivo,Y69,3000,5.5,720,1280,8,3000,32.0,13.0,16.0,Android,2,9500
iVoomi,Me 2,2000,4.5,480,854,4,2000,16.0,8.0,5.0,Android,2,2900
Swipe,Neo Power,2500,4.0,480,854,4,512,4.0,5.0,2.0,Android,2,2499
Meizu,M6 Note,4000,5.5,1080,1920,8,3000,16.0,12.0,16.0,Android,2,14000
Nuu Mobile,Q500,2000,5.0,720,1280,4,2000,16.0,8.0,5.0,Android,2,7499
Nuu Mobile,Q626,2000,5.0,720,1280,4,2000,32.0,8.0,5.0,Android,2,3999
Alcatel,U5 HD,2200,5.0,720,1280,4,2000,16.0,13.0,8.0,Android,2,6499
M-tech,TEZ4G,2400,5.0,480,854,4,1000,8.0,5.0,2.0,Android,2,3950
Gionee,X1,3000,5.0,720,1280,4,2000,16.0,8.0,8.0,Android,2,4978
Comio,C1,2700,5.0,720,1280,4,1000,32.0,8.0,5.0,Android,2,4995
Comio,S1,2700,5.2,720,1280,4,2000,32.0,13.0,8.0,Android,2,5499
Comio,P1,5000,5.2,720,1280,4,3000,32.0,13.0,8.0,Android,2,8666
Micromax,Evok Dual Note,3000,5.5,1080,1920,8,3000,32.0,13.0,5.0,Android,1,4499
Asus,ZenFone 4,3300,5.5,1080,1920,1,4000,64.0,12.0,8.0,Android,2,6499
Swipe,Elite 4G,2500,5.0,480,854,4,1000,8.0,8.0,5.0,Android,2,3499
Panasonic,Eluga I2 Activ,2200,5.0,720,1280,4,1000,16.0,8.0,5.0,Android,2,4990
Asus,ZenFone 4 Selfie DC (ZD553KL),3000,5.5,720,1280,8,4000,64.0,16.0,20.0,Android,2,6998
Itel,PowerPro P41,5000,5.0,480,854,4,1000,8.0,5.0,2.0,Android,1,3880
Panasonic,Eluga A3,4000,5.2,720,1280,8,3000,16.0,13.0,8.0,Android,2,5935
Gionee,A1 Lite,4000,5.3,720,1280,8,3000,32.0,13.0,20.0,Android,2,4999
Karbonn,A41 Power,2300,4.0,480,800,4,1000,8.0,2.0,0.3,Android,2,2754
Swipe,Konnect Power,3000,5.0,720,1280,4,2000,16.0,8.0,5.0,Android,2,3599
Kult,Beyond,3000,5.2,720,1280,4,3000,32.0,13.0,13.0,Android,2,3999
Coolpad,Note 5 Lite C,2500,5.0,720,1280,4,2000,16.0,8.0,5.0,Android,1,4610
Karbonn,Aura Note Play,3300,6.0,720,1280,4,2000,16.0,8.0,5.0,Android,2,5899
Infinix,Hot 4 Pro,4000,5.5,720,1280,4,3000,16.0,13.0,5.0,Android,2,7499
Infinix,Note 4,4300,5.7,1080,1920,4,3000,32.0,13.0,8.0,Android,2,8999
Micromax,Selfie 2,3000,5.2,720,1280,4,3000,32.0,13.0,8.0,Android,2,4895
Meizu,Pro 7,3000,5.2,1080,1920,8,4000,64.0,12.0,16.0,Android,2,28000
Yu,nique 2,2500,5.0,720,1280,4,2000,16.0,13.0,5.0,Android,2,4499
Lyf,C459,2000,4.5,480,854,4,1000,8.0,5.0,2.0,Android,2,3590
Samsung,Galaxy J7 Nxt,3000,5.5,720,1280,8,2000,16.0,13.0,5.0,Android,2,10990
Intex,Aqua Lions 3,4000,5.0,720,1280,4,2000,16.0,8.0,8.0,Android,1,5440
iVoomi,Me5,3000,5.0,720,1280,4,2000,16.0,8.0,5.0,Android,2,3290
iVoomi,Me4,2000,4.5,480,854,4,1000,8.0,5.0,5.0,Android,2,3450
Intex,Aqua Zenith,2000,5.0,480,854,4,1000,8.0,5.0,2.0,Android,2,4099
Micromax,Canvas 1,2500,5.0,720,1280,4,2000,16.0,8.0,5.0,Android,2,3690
Intex,Aqua Selfie,3000,5.5,720,1280,1,2000,16.0,8.0,5.0,Android,1,4879
Asus,ZenFone 4 Selfie,3000,5.5,1080,1920,4,4000,32.0,16.0,12.0,Android,1,6449
Xolo,Era 1X Pro,2500,5.0,720,1280,4,2000,16.0,8.0,5.0,Android,2,6888
LG,Q6+,3000,5.5,1080,2160,8,4000,64.0,13.0,5.0,Android,1,9999
Intex,Aqua S3,2450,5.0,720,1280,4,2000,16.0,8.0,5.0,Android,2,3980
Nubia,M2 Play,3000,5.5,720,1280,8,3000,32.0,13.0,5.0,Android,2,8999
Samsung,Galaxy J7 Max,3300,5.7,1080,1920,8,4000,32.0,13.0,13.0,Android,2,11046
Samsung,Galaxy J7 Pro,3600,5.5,1080,1920,8,3000,64.0,13.0,13.0,Android,2,16900
Lyf,Water 7S,2800,5.5,1080,1920,8,3000,16.0,13.0,5.0,Android,2,4990
Panasonic,Eluga I3 Mega,4000,5.5,720,1280,4,3000,16.0,13.0,5.0,Android,2,5831
Lava,A77,2000,4.5,480,800,4,1000,8.0,5.0,5.0,Android,2,4900
Karbonn,Aura Power 4G Plus,4000,5.0,720,1280,4,1000,8.0,5.0,5.0,Android,2,3399
Itel,Wish A21,2000,4.5,480,854,4,1000,8.0,5.0,2.0,Android,2,3860
Itel,Wish A41+,2400,5.0,480,854,4,2000,16.0,5.0,5.0,Android,2,6506
Motorola,Moto C Plus,4000,5.0,720,1280,4,2000,16.0,8.0,2.0,Android,2,6190
Samsung,Z4,1050,4.5,480,800,4,1000,8.0,5.0,5.0,Tizen,2,4790
Panasonic,P85,4000,5.0,720,1280,4,2000,16.0,8.0,2.0,Android,2,6499
Panasonic,Eluga Ray,4000,5.0,720,1280,4,3000,16.0,13.0,5.0,Android,2,7999
Karbonn,Aura 4G,2150,5.0,720,1280,4,1000,8.0,8.0,5.0,Android,2,6326
Intex,Aqua Crystal Plus,2100,5.0,720,1280,4,2000,16.0,13.0,5.0,Android,2,7490
Asus,ZenFone Go 5.5 (ZB552KL),3000,5.5,720,1280,4,2000,16.0,13.0,5.0,Android,2,6110
Ziox,Astra Colors 4G,4000,5.0,720,1280,4,1000,8.0,5.0,5.0,Android,2,4399
Intex,Aqua A4,1750,4.0,480,800,4,1000,8.0,5.0,2.0,Android,2,4625
Zopo,Color M5,2100,5.0,480,854,4,1000,16.0,5.0,2.0,Android,2,3389
Videocon,Krypton 22,2450,5.0,480,854,4,2000,16.0,8.0,5.0,Android,2,2999
Zen,Admire Metal,2500,5.0,720,1280,4,1000,16.0,5.0,5.0,Android,2,5599
Motorola,Moto E4 Plus,5000,5.5,720,1280,4,3000,32.0,13.0,5.0,Android,2,9999
Ziox,Astra Force 4G,3000,5.0,480,854,4,1000,16.0,5.0,5.0,Android,2,3499
Honor,Bee 2,2100,4.5,480,854,4,1000,8.0,5.0,2.0,Android,2,5499
Tecno,i5 Pro,4000,5.5,720,1280,4,3000,32.0,13.0,8.0,Android,2,6789
Tecno,i3 Pro,3050,5.0,720,1280,4,3000,16.0,8.0,8.0,Android,2,9993
Tecno,i5,4000,5.5,720,1280,4,2000,16.0,13.0,8.0,Android,2,6629
Tecno,i3,3050,5.0,720,1280,4,2000,16.0,8.0,8.0,Android,2,7142
Videocon,Delite 11+,3000,5.0,480,854,4,1000,8.0,5.0,2.0,Android,2,5599
Motorola,Moto C,2350,5.0,480,854,4,1000,8.0,5.0,2.0,Android,2,5499
Motorola,Moto E4,2800,5.0,720,1280,4,2000,16.0,8.0,5.0,Android,2,8499
Micromax,Evok Note,4000,5.5,1080,1920,8,3000,32.0,13.0,5.0,Android,1,4960
Zopo,Color X 5.5,2500,5.5,720,1280,4,3000,16.0,8.0,5.0,Android,2,3980
Lephone,W7,2000,5.0,480,854,4,1000,8.0,5.0,2.0,Android,2,4105
Ziox,QUIQ Flash 4G,2450,5.0,480,854,4,1000,8.0,5.0,2.0,Android,2,3699
Intex,ELYT-e1,2200,5.0,720,1280,4,2000,16.0,8.0,8.0,Android,2,6100
Sansui,Horizon 1,2000,4.5,480,854,4,1000,8.0,5.0,3.2,Android,2,3900
Micromax,Bharat 2,1300,4.0,480,800,4,512,4.0,2.0,0.3,Android,2,2359
Swipe,Konnect Neo 4G,2000,4.0,480,800,4,512,4.0,5.0,1.3,Android,2,1999
Panasonic,Eluga Ray X,4000,5.5,720,1280,4,3000,32.0,13.0,5.0,Android,2,5930
Panasonic,Eluga Ray Max,3000,5.2,1080,1920,8,4000,32.0,16.0,8.0,Android,2,11499
Intex,Aqua 4G Mini,1450,4.0,480,800,4,512,4.0,5.0,1.3,Android,2,3935
Micromax,Spark Vdeo,1800,4.5,480,854,4,1000,8.0,5.0,2.0,Android,2,4999
Zen,Admire Swadesh,2000,5.0,720,1280,4,1000,8.0,5.0,2.0,Android,2,4790
Nubia,N2,5000,5.5,1080,1920,8,4000,64.0,13.0,16.0,Android,2,9049
Nubia,M2 Lite,3000,5.5,720,1280,8,3000,64.0,13.0,16.0,Android,2,7160
Karbonn,Aura Sleek 4G,2000,5.0,480,854,4,1000,8.0,5.0,2.0,Android,1,5668
Intex,Aqua Trend Lite,2600,5.0,480,854,4,1000,8.0,5.0,2.0,Android,2,3999
Lenovo,Vibe B,2000,4.5,480,854,4,1000,8.0,5.0,2.0,Android,2,6450
LeEco,Le Pro 3 Elite,4070,5.5,1080,1920,4,4000,32.0,16.0,8.0,Android,2,10990
iVoomi,iV505,3000,5.0,1440,2560,4,1000,8.0,5.0,5.0,Android,2,3900
Swipe,Elite Sense,2500,5.0,720,1280,4,3000,32.0,13.0,8.0,Android,2,4400
Intex,Aqua Strong 5.1+,2000,5.0,480,854,4,1000,8.0,5.0,2.0,Android,2,3690
Nubia,N1 lite,3000,5.5,720,1280,4,2000,16.0,8.0,5.0,Android,2,5999
ZTE,Blade V8 Mini,2800,5.0,720,1280,8,2000,16.0,13.0,5.0,Android,2,5200
Alcatel,A5 LED,2800,5.2,720,1280,8,3000,16.0,13.0,5.0,Android,2,15026
Sony,Xperia XA1,2300,5.0,720,1280,8,3000,32.0,23.0,8.0,Android,2,7994
Swipe,Elite 3,2500,5.0,720,1280,4,2000,16.0,8.0,5.0,Android,2,5999
Nokia,5,3000,5.2,720,1280,8,2000,16.0,13.0,8.0,Android,2,8999
Swipe,Konnect Star,1800,4.0,480,854,4,1000,16.0,5.0,1.3,Android,2,2690
Asus,ZenFone Go 5.0 LTE (ZB500KL),2600,5.0,720,1280,4,2000,16.0,13.0,5.0,Android,2,4999
Intex,Aqua Lions 4G,2000,5.0,480,854,4,1000,8.0,5.0,2.0,Android,2,4400
Intex,Aqua 4.0,1500,4.0,360,640,4,512,4.0,2.0,0.3,Android,2,4095
Intex,Aqua Amaze+,2000,4.7,720,1280,4,1000,8.0,5.0,5.0,Android,2,4050
Swipe,Elite Power,4000,5.5,720,1280,4,2000,16.0,8.0,5.0,Android,2,4499
Lava,X41+,2500,5.0,720,1280,4,2000,8.0,8.0,5.0,Android,2,5599
Intex,Cloud Style 4G,2500,5.0,720,1280,4,1000,8.0,8.0,5.0,Android,2,6199
Micromax,Vdeo 3,2000,5.0,720,1280,1,1000,8.0,5.0,2.0,Android,1,4499
Micromax,Vdeo 4,4000,5.0,720,1280,1,1000,8.0,8.0,2.0,Android,1,3999
Samsung,Galaxy J2 Ace,2600,5.0,540,960,1,1000,8.0,8.0,5.0,Android,2,5990
Swipe,Konnect Grand,2500,5.0,480,854,4,1000,8.0,5.0,2.0,Android,2,2999
Xolo,Era 2X,2500,5.0,720,1280,4,2000,16.0,8.0,5.0,Android,2,6099
Lyf,Water 3,3000,5.5,720,1280,8,2000,16.0,13.0,5.0,Android,2,7000
Lyf,F1S,3000,5.2,1080,1920,8,3000,32.0,16.0,5.0,Android,2,7599
Karbonn,K9 Viraat 4G,2800,5.5,720,1280,4,1000,8.0,5.0,3.2,Android,2,5900
Lyf,Wind 7S,2250,5.0,720,1280,4,2000,16.0,8.0,5.0,Android,2,6099
LG,Stylus 3,3200,5.7,720,1280,8,3000,16.0,13.0,8.0,Android,1,6999
LG,K8 (2017),2500,5.0,720,1280,4,2000,16.0,13.0,5.0,Android,2,7450
Zuk,Edge,3100,5.5,1080,1920,4,4000,64.0,13.0,8.0,Android,2,29124
Zen,Cinemax Click,2700,5.5,720,1280,4,1000,8.0,8.0,5.0,Android,2,3899
Lava,A76+,1850,4.5,480,800,4,1000,8.0,5.0,5.0,Android,2,5599
Swipe,Elite Max,3000,5.5,1080,1920,8,4000,32.0,13.0,8.0,Android,2,12999
Panasonic,P88,2600,5.3,720,1280,4,2000,16.0,13.0,5.0,Android,2,8000
Swipe,Elite Star,2000,4.0,480,800,4,1000,8.0,5.0,1.3,Android,2,3999
Gionee,P7,2300,5.0,720,1280,4,2000,16.0,8.0,5.0,Android,2,7499
Micromax,Vdeo 2,1800,4.5,480,854,4,1000,8.0,5.0,2.0,Android,2,4950
Micromax,Vdeo 1,1600,4.0,480,800,4,1000,8.0,5.0,2.0,Android,2,4499
Meizu,M5 Note,4000,5.5,1080,1920,8,3000,16.0,13.0,5.0,Android,2,5490
Lyf,Water 9,2800,5.5,1080,1920,8,2000,16.0,13.0,5.0,Android,2,5550
Lava,X50+,2800,5.5,720,1280,4,2000,32.0,8.0,5.0,Android,2,4999
Meizu,Pro 6 Plus,3400,5.7,1440,2560,8,4000,64.0,12.0,5.0,Android,2,27600
Panasonic,Eluga Mark 2,3000,5.5,720,1280,8,3000,32.0,13.0,5.0,Android,2,13990
HTC,10 evo,3200,5.5,1440,2560,8,3000,32.0,16.0,8.0,Android,1,11100
Lyf,Wind 7i,2250,5.0,720,1280,4,1000,8.0,8.0,5.0,Android,2,5099
Panasonic,P71,2000,5.0,720,1280,4,1000,16.0,8.0,2.0,Android,2,6998
Zopo,Color F2,2300,5.5,720,1280,4,2000,16.0,8.0,5.0,Android,2,4598
Motorola,Moto M,3050,5.5,1080,1920,8,3000,32.0,16.0,8.0,Android,2,7499
Lyf,F8,2000,4.5,480,854,4,1000,8.0,8.0,5.0,Android,2,3499
Huawei,Mate 9,4000,5.9,1080,1920,8,4000,64.0,20.0,8.0,Android,2,53983
Intex,Aqua Power M,4350,5.0,720,1280,4,1000,8.0,0.0,0.0,Android,2,3499
Zen,Cinemax 2+,2900,5.5,480,854,4,1000,8.0,5.0,3.2,Android,2,3739
Swipe,Elite 2 Plus,2500,5.0,480,854,4,1000,8.0,5.0,2.0,Android,2,4999
Samsung,Galaxy On Nxt,3300,5.5,1080,1920,8,3000,16.0,13.0,8.0,Android,2,11200
Xolo,Era 2,2350,5.0,720,1280,4,1000,8.0,5.0,5.0,Android,2,4099
Zopo,Color F5,2100,5.0,720,1280,4,2000,16.0,8.0,5.0,Android,2,4289
Intex,Cloud S9,3650,5.5,720,1280,4,2000,16.0,8.0,5.0,Android,2,6772
Intex,Aqua Q8,1650,4.5,480,854,4,1000,8.0,5.0,0.3,Android,2,2699
Intex,Aqua Craze II,2500,5.0,720,1280,4,1000,8.0,5.0,5.0,Android,2,5429
Intex,Aqua 5.5 VR,2800,5.5,720,1280,4,1000,8.0,5.0,5.0,Android,2,5849
Intex,Aqua S2,2450,5.0,480,854,4,1000,8.0,5.0,5.0,Android,2,3999
Honor,8 Smart,3000,5.2,1080,1920,8,2000,16.0,13.0,8.0,Android,1,16699
Honor,Holly 3,3100,5.5,720,1280,8,2000,16.0,13.0,8.0,Android,1,5999
BlackBerry,DTEK60,3000,5.5,1440,2560,4,4000,32.0,21.0,8.0,Android,1,16999
Xiaomi,Mi Max Prime,4850,6.44,1080,1920,6,4000,128.0,16.0,5.0,Android,2,19999
Lyf,Wind 4S,4000,5.0,720,1820,4,2000,16.0,8.0,2.0,Android,2,6498
Lyf,Flame 7s,1800,4.0,480,800,4,1000,8.0,5.0,0.3,Android,2,3579
Zen,Cinemax Force,2900,5.5,854,480,4,1000,8.0,5.0,2.0,Android,2,2999
Intex,Aqua Strong 5.2,2800,5.0,480,854,4,2000,16.0,5.0,2.0,Android,2,5949
Vivo,Y55L,2730,5.2,1280,720,8,2000,16.0,8.0,5.0,Android,1,10450
Google,Pixel,2770,5.0,1080,1920,4,4000,32.0,12.3,8.0,Android,1,22299
Karbonn,Titanium 3-D Plex,2300,5.0,480,854,1,512,4.0,3.2,0.3,Android,2,3999
Intex,Aqua Pro 4G,2000,4.5,480,854,1,1000,8.0,5.0,2.0,Android,2,4532
Gionee,P7 Max,3100,5.5,720,1080,8,3000,32.0,13.0,5.0,Android,2,5999
Coolpad,Note 5,4010,5.5,1080,1920,8,4000,32.0,13.0,8.0,Android,2,12050
Lava,A97,2350,5.0,480,854,4,1000,8.0,5.0,5.0,Android,2,5500
Samsung,Galaxy On8,3300,5.5,1080,1920,8,3000,16.0,13.0,5.0,Android,2,7999
Micromax,Canvas 5 Lite,2000,5.0,720,1280,4,2000,16.0,8.0,5.0,Android,2,4299
Panasonic,P77,2000,5.0,720,1280,4,1000,8.0,8.0,2.0,Android,2,6990
Lava,A56,1850,5.0,480,854,2,512,4.0,5.0,0.3,Android,2,2299
Lava,X28,2600,5.5,720,1280,4,1000,8.0,8.0,5.0,Android,2,6400
Micromax,Bolt Q326+,1400,4.0,480,800,4,1000,8.0,5.0,0.3,Android,2,3195
HTC,Desire 10 Lifestyle,2700,5.5,720,1280,4,2000,32.0,13.0,5.0,Android,2,16000
Samsung,Galaxy J5 Prime,2400,5.0,720,1280,4,2000,16.0,13.0,5.0,Android,2,12499
Videocon,Cube 3,3000,5.0,720,1280,4,3000,32.0,13.0,5.0,Android,2,8250
Zopo,Color F1,2300,5.5,720,1280,4,1000,16.0,8.0,2.0,Android,2,4333
Lenovo,A7700,2900,5.5,720,1280,4,2000,16.0,8.0,2.0,Android,2,6990
Lenovo,A6600 Plus,2300,5.0,720,1280,4,2000,16.0,8.0,2.0,Android,2,7300
Lenovo,A6600,2300,5.0,720,1280,4,1000,16.0,8.0,2.0,Android,2,7450
Zen,Admire Star,2000,4.5,480,854,4,512,8.0,5.0,1.3,Android,2,2799
Xolo,Era 1X,2500,5.0,1280,720,4,1000,8.0,8.0,5.0,Android,2,5149
Intex,Aqua Costa,2200,5.0,480,854,4,2000,8.0,5.0,2.0,Android,2,2999
Intex,Aqua Q7N Pro,2000,4.5,480,854,4,1000,8.0,5.0,0.3,Android,2,2700
Lyf,Water 10,2300,5.0,720,1280,8,3000,16.0,13.0,5.0,Android,2,4060
Vivo,Y21L,2000,4.5,480,854,4,1000,16.0,5.0,2.0,Android,2,7100
Intex,Cloud Tread,2200,5.0,720,1280,6,2000,16.0,5.0,5.0,Android,2,4299
InFocus,Bingo 50+,2600,5.5,1280,720,4,3000,16.0,13.0,8.0,Android,2,6499
Samsung,Z2,1500,4.0,480,800,4,1000,8.0,5.0,0.3,Tizen,2,3599
Yu,reka S,3000,5.2,1080,1920,4,3000,16.0,13.0,5.0,Android,2,7000
Yu,nique Plus,2000,4.7,720,1280,4,2000,8.0,8.0,2.0,Android,2,6199
Celkon,Millennia Ufeel,2000,5.0,480,854,4,1000,8.0,5.0,3.2,Android,2,3999
Lyf,Wind 7,2250,5.0,720,1280,4,2000,16.0,8.0,5.0,Android,2,7499
Lyf,Flame 7,1750,4.0,480,800,4,1000,8.0,5.0,2.0,Android,2,2499
Intex,Aqua Music,3400,5.5,720,1280,4,2000,16.0,13.0,5.0,Android,2,6999
Asus,ZenFone Go (ZB450KL),2070,4.5,480,854,4,1000,8.0,8.0,2.0,Android,2,4499
Lyf,Flame 8,2000,4.5,480,854,4,1000,8.0,8.0,5.0,Android,2,2545
Lyf,Wind 3,2920,5.5,720,1280,4,2000,16.0,8.0,2.0,Android,2,4999
Micromax,Unite 4 Plus,2500,5.0,720,1280,4,2000,16.0,8.0,5.0,Android,2,7998
Swipe,Konnect Plus,3000,5.0,720,1280,4,2000,16.0,13.0,5.0,Android,2,2990
Lava,X38,4000,5.0,720,1280,4,1000,8.0,8.0,2.0,Android,2,6199
Lyf,Wind 2,2850,6.0,720,1280,4,2000,16.0,8.0,2.0,Android,2,4995
Intex,Aqua Strong 5.1,2800,5.0,480,854,1,1000,8.0,5.0,2.0,Android,2,4600
Lenovo,Vibe K5 Note,3500,5.5,1080,1920,8,3000,32.0,13.0,8.0,Android,2,7990
Panasonic,Eluga Arc 2,2450,5.0,720,1280,4,3000,32.0,8.0,5.0,Android,2,5599
Panasonic,T44 Lite,2400,4.0,800,480,4,512,8.0,2.0,0.3,Android,2,2190
Intex,Cloud String v2.0,2200,5.0,1280,720,4,2000,16.0,8.0,5.0,Android,1,6499
Lyf,Water 8,2600,5.0,720,1280,8,3000,16.0,13.0,5.0,Android,2,7900
Samsung,Galaxy J2 Pro,2600,5.0,720,1280,4,2000,16.0,8.0,5.0,Android,2,10480
InFocus,M535+,2600,5.5,1080,1920,8,3000,16.0,13.0,13.0,Android,2,6000
Intex,Aqua Ring,2450,5.0,720,1280,4,1000,8.0,5.0,5.0,Android,2,4997
Lava,A32,1500,4.0,480,800,1,256,0.512,2.0,0.3,Android,2,1999
Lava,A68,1750,4.5,480,800,4,1000,8.0,5.0,0.3,Android,2,6999
Intex,Aqua Q7N,2000,4.5,480,854,4,512,8.0,5.0,0.3,Android,2,2488
Intex,Aqua Pride,2800,5.0,480,854,4,1000,8.0,5.0,2.0,Android,2,3887
Lava,X17,2350,5.0,720,1280,4,1000,8.0,8.0,5.0,Android,2,6600
Lyf,Water 4,2920,5.0,720,1280,1,2000,16.0,13.0,5.0,Android,2,4999
Asus,ZenFone 3 Max (ZC520TL),4100,5.2,720,1280,4,2000,16.0,13.0,5.0,Android,2,13990
Karbonn,Aura Power,4000,5.0,480,854,1,1000,8.0,8.0,5.0,Android,2,3299
Samsung,Galaxy On7 Pro,3000,5.5,720,1280,4,2000,16.0,13.0,5.0,Android,2,5990
Samsung,Galaxy On5 Pro,2600,5.0,720,1280,4,2000,16.0,8.0,5.0,Android,2,6480
Samsung,Galaxy J2 (2016),2600,5.0,720,1280,4,1000,8.0,8.0,5.0,Android,1,5990
Intex,Aqua Power 4G,3800,5.0,720,1280,4,1000,8.0,8.0,2.0,Android,2,4995
Nubia,N1,5000,5.5,1080,1920,8,3000,32.0,13.0,13.0,Android,2,11999
Panasonic,Eluga Note,3000,5.5,1080,1920,8,3000,32.0,16.0,5.0,Android,2,10990
TCL,560,2500,5.5,720,1280,4,2000,16.0,8.0,5.0,Android,2,4989
Karbonn,A91 Storm,2200,4.0,480,800,4,512,4.0,2.0,0.3,Android,2,1999
Vivo,X7,3000,5.2,1080,1920,8,4000,64.0,13.0,16.0,Android,2,9999
iBall,Andi 5G Blink 4G,2300,5.0,480,854,4,1000,8.0,5.0,2.0,Android,2,4890
Nubia,Z11,3000,5.5,1080,1920,4,6000,64.0,16.0,8.0,Android,2,20999
Lyf,Earth 2,2500,5.0,1080,1920,8,3000,32.0,13.0,13.0,Android,2,6990
Intex,Aqua Classic,2100,5.0,480,854,4,1000,8.0,5.0,0.3,Android,2,4790
Micromax,Canvas Fire 5,2500,5.5,720,1280,4,1000,16.0,8.0,5.0,Android,2,7389
Oppo,A37,2630,5.0,720,1280,4,2000,16.0,8.0,5.0,Android,2,8666
Intex,Aqua Sense 5.1,2500,5.0,480,854,4,512,8.0,2.0,0.3,Android,2,2658
Panasonic,P75,5000,5.0,720,1280,4,1000,8.0,8.0,5.0,Android,2,5499
Xiaomi,Redmi 3S,4100,5.0,720,1280,8,2000,16.0,13.0,5.0,Android,2,6500
Intex,Aqua View,2200,5.0,720,1280,4,2000,16.0,8.0,5.0,Android,2,4899
Lyf,Water 7,3000,5.5,1080,1920,8,2000,16.0,13.0,5.0,Android,2,494
Lyf,Wind 1,2300,5.0,720,1280,4,1000,8.0,8.0,5.0,Android,2,7000
Panasonic,T44,2400,4.0,480,800,4,1000,8.0,5.0,2.0,Android,2,3590
Panasonic,T30,1400,4.0,480,800,4,512,4.0,5.0,2.0,Android,2,2488
Lenovo,Phab 2,4050,6.4,720,1280,4,3000,32.0,13.0,5.0,Android,1,8999
Lenovo,Phab 2 Pro,4050,6.4,1440,2560,8,4000,64.0,16.0,8.0,Android,1,22999
Lava,X81,2700,5.0,720,1280,4,3000,16.0,13.0,5.0,Android,2,4999
Lyf,Wind 5,2000,5.0,720,1280,4,1000,8.0,8.0,5.0,Android,2,8399
Lava,X46,2500,5.0,720,1280,4,2000,8.0,8.0,5.0,Android,2,9700
Intex,Cloud Glory 4G,1800,4.5,480,584,4,1000,8.0,5.0,2.0,Android,2,4499
Samsung,Galaxy J3 Pro,2600,5.0,720,1280,4,2000,16.0,8.0,5.0,Android,2,8299
Lyf,Flame 6,1750,4.0,480,800,4,512,4.0,2.0,2.0,Android,2,1999
Swipe,Elite Plus,3050,5.0,1080,1920,8,2000,16.0,13.0,8.0,Android,2,2999
Lava,A82,2000,5.0,480,854,4,1000,8.0,5.0,2.0,Android,2,8999
Intex,Aqua Shine 4G,3000,5.0,720,1280,4,2000,16.0,8.0,5.0,Android,2,4500
LG,Stylus 2 Plus,3000,5.7,1080,1920,8,3000,16.0,16.0,8.0,Android,1,8999
LG,X Power,4100,5.3,720,1280,4,2000,16.0,13.0,5.0,Android,2,6999
Lyf,Flame 4,1400,4.0,480,800,4,512,8.0,2.0,0.3,Android,2,4199
Zen,Admire SXY,1800,4.5,480,854,4,1000,8.0,5.0,2.0,Android,2,2639
Lava,A59,1750,4.5,480,800,4,512,4.0,5.0,0.3,Android,2,4199
Lava,A48,1300,4.0,480,800,4,512,4.0,2.0,0.3,Android,2,2399
Panasonic,Eluga A2,4000,5.0,720,1280,4,3000,16.0,8.0,5.0,Android,2,5430
Lava,A79,2200,5.5,480,800,4,1000,8.0,5.0,2.0,Android,2,4200
Micromax,Canvas Selfie 4,2500,5.0,720,1280,4,1000,8.0,8.0,8.0,Android,2,5970
Micromax,Bolt Selfie,1750,4.5,480,854,4,1000,8.0,5.0,5.0,Android,2,4299
Intex,Cloud String HD,2200,5.0,720,1280,4,1000,8.0,8.0,5.0,Android,2,4999
Intex,Aqua Secure,1900,4.5,480,854,4,1000,8.0,5.0,2.0,Android,2,4866
Motorola,Moto G4 Play,2800,5.0,720,1280,4,2000,16.0,8.0,5.0,Android,2,6990
Sony,Xperia XA Ultra,2700,6.0,1080,1920,8,3000,16.0,21.5,16.0,Android,1,7999
Lenovo,Vibe C,2300,5.0,720,1280,4,1000,8.0,5.0,2.0,Android,1,4500
HTC,Desire 628 Dual SIM,2200,5.0,720,1280,8,3000,32.0,13.0,5.0,Android,2,6498
Lyf,Wind 4,4000,5.0,720,1280,4,1000,8.0,8.0,2.0,Android,2,5999
Lyf,Flame 2,1500,4.0,480,800,4,1000,8.0,5.0,2.0,Android,2,3599
Lava,A67,2000,5.0,480,800,4,512,4.0,5.0,2.0,Android,2,3399
Micromax,Canvas XP 4G,2000,5.0,720,1280,4,3000,16.0,8.0,2.0,Android,2,4595
Intex,Cloud Fame,1800,4.5,480,854,4,1000,8.0,5.0,2.0,Android,2,3949
Intex,Aqua Joy,1450,4.0,480,800,4,512,4.0,0.3,0.3,Android,2,2666
HTC,Desire 830,2800,5.5,1080,1920,8,3000,32.0,13.0,4.0,Android,1,7999
Micromax,Canvas Mega 2,3000,6.0,540,960,4,1000,8.0,8.0,5.0,Android,2,7530
iBall,Andi 5N Dude,2000,5.0,480,854,4,512,4.0,5.0,0.3,Android,2,1999
Honor,5C,3000,5.2,1080,1920,8,2000,16.0,13.0,8.0,Android,2,9999
Panasonic,Eluga I3,2700,5.5,720,1280,4,2000,16.0,13.0,5.0,Android,2,5549
Swipe,Elite Note,3000,5.5,720,1280,4,3000,16.0,13.0,5.0,Android,2,7500
Asus,ZenFone Go 4.5 (ZB452KG),2070,4.5,480,854,4,1000,8.0,5.0,0.3,Android,2,3999
Intex,Aqua 4.5 Pro,1500,4.5,480,854,4,1000,8.0,2.0,0.3,Android,2,4750
ZTE,Blade A910,2540,5.5,720,1280,4,2000,16.0,13.0,8.0,Android,2,4999
ZTE,Blade V7 Max,3000,5.5,1080,1920,8,3000,32.0,16.0,8.0,Android,2,4500
LeEco,Le 2 Pro,3000,5.5,1080,1920,10,4000,32.0,21.0,8.0,Android,1,5890
Nubia,Z11 mini,2800,5.0,1080,1920,8,3000,64.0,16.0,8.0,Android,2,9999
Gionee,Pioneer P5W,2000,5.0,720,1280,4,1000,16.0,5.0,2.0,Android,2,4800
Yu,reka Note,4000,6.0,1080,1920,8,3000,16.0,13.0,5.0,Android,2,6499
Videocon,Krypton V50DA,3000,5.0,480,854,4,1000,8.0,5.0,2.0,Android,2,4006
HTC,10 Lifestyle,3000,5.2,1440,2560,8,3000,32.0,12.0,5.0,Android,1,9751
Meizu,m3 note,4100,5.5,1080,1920,8,2000,16.0,13.0,5.0,Android,2,5290
Reach,Opulent,2500,5.0,720,1280,4,1000,8.0,5.0,2.0,Android,2,2690
Asus,Zenfone Go 5.0 LTE,2500,5.0,720,1280,4,2000,16.0,8.0,5.0,Android,2,4990
Gionee,Pioneer P5 mini,1850,4.5,480,854,4,1000,8.0,5.0,2.0,Android,2,4999
Samsung,Galaxy A9 Pro,5000,6.0,1080,1920,8,4000,32.0,16.0,8.0,Android,2,19980
Intex,Cloud Gem+,1400,4.0,480,800,4,512,4.0,2.0,2.0,Android,2,2199
Samsung,Galaxy J7 (2016),3300,5.5,720,1080,8,2000,16.0,13.0,5.0,Android,2,13450
Samsung,Galaxy J5 (2016),3100,5.2,720,1280,4,2000,16.0,13.0,5.0,Android,2,9999
Vivo,Y31L,2200,4.7,540,960,4,1000,16.0,8.0,5.0,Android,2,8599
Reach,Cogent,2000,4.0,480,800,4,1000,8.0,3.2,1.3,Android,2,2200
Lava,V2s,2500,5.0,720,1280,4,2000,8.0,8.0,8.0,Android,2,4500
Videocon,Krypton V50FG,2200,5.0,720,1280,4,2000,16.0,13.0,5.0,Android,2,6600
Lava,A52,1200,4.0,480,800,2,512,4.0,2.0,0.3,Android,2,1999
Intex,Cloud Force,2500,5.0,480,854,4,1000,8.0,5.0,0.3,Android,2,3333
Intex,Aqua 4G Strong,1700,4.0,480,800,4,768,4.0,2.0,0.3,Android,2,6500
Lava,Flair S1,1750,4.5,480,854,2,512,8.0,3.2,0.3,Android,2,1999
InFocus,Bingo 20 (M425),2300,4.5,850,480,4,1000,8.0,8.0,5.0,Android,2,4490
Panasonic,T50,1600,4.5,480,854,4,1000,8.0,5.0,2.0,Android,2,6760
Intex,Aqua Twist,2200,5.0,480,854,4,1000,8.0,5.0,0.0,Android,2,3499
mPhone,8,3050,5.5,1080,1920,8,4000,64.0,21.0,8.0,Android,2,6499
mPhone,7 Plus,2600,5.5,1080,1920,8,3000,32.0,16.0,8.0,Android,2,7399
Intex,Cloud Breeze,2300,5.0,480,854,2,1000,8.0,5.0,2.0,Android,2,2999
Lyf,Wind 6,2250,5.0,480,854,4,1000,8.0,5.0,5.0,Android,2,3499
Blu,Life Mark,2300,5.0,720,1280,4,2000,16.0,13.0,5.0,Android,2,7999
Zopo,Speed 8,3600,5.5,1080,1920,10,4000,32.0,21.0,8.0,Android,2,9980
Xolo,Era X,2500,5.0,720,1280,4,2000,8.0,8.0,5.0,Android,2,4559
Intex,Aqua Fish,2500,5.0,720,1280,4,2000,16.0,8.0,2.0,Sailfish,2,4799
ZTE,Blade V7 Lite,2500,5.0,720,1280,4,2000,16.0,8.0,8.0,Android,1,3840
Sony,Xperia X,2620,5.0,1080,1920,1,3000,32.0,23.0,13.0,Android,1,19990
Sony,Xperia XA,2300,5.0,720,1280,8,2000,16.0,13.0,8.0,Android,1,7994
HTC,Desire 825,2700,5.5,720,1280,4,2000,16.0,13.0,5.0,Android,2,7890
HTC,Desire 630,2200,5.0,720,1280,4,2000,16.0,13.0,5.0,Android,2,10299
HP,Elite x3,4150,5.96,1440,2560,4,4000,64.0,15.0,8.0,Windows,1,88719
Alcatel,Idol 4,2610,5.2,1080,1920,8,3000,16.0,13.0,8.0,Android,1,16999
Intex,Aqua Ace Mini,3000,5.0,720,1280,4,2000,16.0,8.0,5.0,Android,2,6849
Swipe,Konnect 5.1,3000,5.0,480,854,4,1000,8.0,8.0,3.2,Android,2,4099
LG,Stylus 2,3000,5.7,720,1280,4,1000,16.0,13.0,8.0,Android,1,7999
Intex,Cloud Crystal 2.5D,2200,5.0,720,1280,4,3000,16.0,8.0,2.0,Android,2,6800
Intex,Aqua Freedom,3000,5.0,720,1280,4,1000,8.0,5.0,2.0,Android,2,3099
Microsoft,Lumia 650,2000,5.0,720,1280,4,1000,16.0,8.0,5.0,Windows,1,9990
LG,X cam,2520,5.2,1080,1920,8,2000,16.0,13.0,8.0,Android,1,8000
Intex,Aqua Craze,2500,5.0,720,1280,4,1000,8.0,8.0,2.0,Android,2,2999
Intex,Aqua Lite,1400,4.0,480,800,4,512,4.0,2.0,2.0,Android,2,2799
Lava,X11,2500,5.0,720,1280,4,2000,8.0,8.0,5.0,Android,2,7980
Lava,A88,2000,5.0,720,1280,4,512,4.0,5.0,2.0,Android,2,4949
Lenovo,Vibe P1 Turbo,5000,5.5,1080,1920,8,3000,32.0,13.0,5.0,Android,2,7679
Lava,A71,2500,5.0,720,1280,4,1000,8.0,5.0,2.0,Android,2,3990
Intex,Aqua Wing,1500,4.0,480,800,1,1000,8.0,5.0,0.3,Android,2,2990
Intex,Aqua Raze,1800,4.5,480,854,1,1000,8.0,5.0,2.0,Android,2,4999
Panasonic,P66 Mega,3200,5.0,720,1280,4,2000,16.0,8.0,5.0,Android,2,5299
Lyf,Flame 1,2000,4.5,480,854,4,1000,8.0,5.0,5.0,Android,2,5499
Lava,X3,2500,5.0,720,1280,4,2000,8.0,8.0,5.0,Android,2,3999
Zopo,Hero 1,2500,5.0,720,1280,4,2000,16.0,13.2,5.0,Android,2,12000
iBall,Cobalt 5.5F Youva,2600,5.5,720,1280,4,2000,16.0,13.0,8.0,Android,2,7599
Micromax,Canvas Juice 4,3000,5.0,480,854,4,1000,8.0,5.0,2.0,Android,2,3995
Vivo,Y51L,2350,5.0,540,960,4,2000,16.0,8.0,5.0,Android,2,9099
Lava,V5,3000,5.5,720,1280,4,3000,16.0,13.0,8.0,Android,2,8250
Lyf,Water 2,2400,5.0,720,1280,8,2000,16.0,13.0,5.0,Android,2,7750
Lyf,Water 1,2600,5.0,1080,1920,8,2000,16.0,13.0,5.0,Android,2,4800
Lenovo,K5 Note,3500,5.5,1080,1920,8,2000,16.0,13.0,8.0,Android,2,8990
Panasonic,Eluga Turbo,2350,5.0,720,1280,8,3000,32.0,13.0,5.0,Android,2,13988
Lava,P7,2000,5.0,480,854,4,1000,8.0,5.0,2.0,Android,2,3449
Intex,Aqua Air II,2300,5.0,480,854,2,1000,8.0,2.0,0.3,Android,2,4690
Lava,Iris Atom,1550,4.0,480,800,4,1000,8.0,5.0,0.3,Android,2,5199
Intex,Cloud 4G Smart,2000,5.0,480,854,4,1000,8.0,5.0,2.0,Android,2,4777
Intex,Cloud 3G Gem,1400,4.0,480,800,1,512,4.0,2.0,0.3,Android,2,2399
Intex,Cloud 3G Candy,1400,4.0,480,800,1,256,0.512,2.0,0.3,Android,2,1999
Lenovo,A7000 Turbo,2900,5.5,1080,1920,8,2000,16.0,13.0,5.0,Android,2,14000
Karbonn,K9 Smart,2300,5.0,480,854,4,512,8.0,3.2,1.3,Android,2,4690
Alcatel,Pixi 4 (6),2580,6.0,720,1280,4,1000,16.0,8.0,5.0,Android,2,3998
LG,K7,2125,5.0,480,854,4,1000,8.0,5.0,5.0,Android,1,994
LG,K10,2300,5.3,720,1280,4,1000,8.0,13.0,5.0,Android,1,3994
Intex,Cloud Champ,1700,4.5,480,854,2,512,4.0,5.0,2.0,Android,2,3800
Lava,Iris Atom 3,2000,5.0,480,854,4,512,8.0,5.0,2.0,Android,2,2899
Intex,Aqua Q7 Pro,2000,4.5,480,854,4,1000,8.0,2.0,0.3,Android,2,4290
Karbonn,Titanium Moghul,2000,5.0,540,960,4,1000,8.0,8.0,3.2,Android,2,8700
Xolo,One HD,2300,5.0,720,1280,4,1000,8.0,8.0,5.0,Android,2,7999
Zen,Cinemax 2,2900,5.5,540,960,4,1000,8.0,5.0,2.0,Android,2,3739
Videocon,Z55 Krypton,2200,5.0,720,1280,4,1000,8.0,13.0,5.0,Android,2,2950
Intex,Aqua Star 4G,2000,5.0,720,1280,4,1000,8.0,8.0,2.0,Android,2,4699
Intex,Cloud Cube,2000,4.5,480,854,4,512,8.0,2.0,0.3,Android,2,2199
Kult,10,2350,5.0,720,1280,4,3000,16.0,13.0,5.0,Android,2,4499
Micromax,Canvas Pulse 4G,2100,5.0,720,1280,8,3000,16.0,13.0,5.0,Android,2,4150
Xiaomi,Redmi Note Prime,3100,5.5,720,1280,4,2000,16.0,13.0,5.0,Android,2,8999
iBall,Andi 5.5H Weber,2200,5.5,720,1280,4,1000,8.0,8.0,5.0,Android,2,3999
Micromax,Canvas Mega 4G,2500,5.5,720,1280,4,3000,16.0,13.0,5.0,Android,2,4790
Micromax,Canvas Fire 4G+,2000,4.7,720,1280,4,1000,8.0,8.0,5.0,Android,2,4990
Gionee,P5W,2000,5.0,720,1280,8,1000,16.0,5.0,2.0,Android,2,6999
ZTE,Blade A1,2800,5.0,720,1280,8,2000,16.0,13.0,8.0,Android,2,2900
Panasonic,Eluga Mark,2500,5.5,720,1280,8,2000,16.0,13.0,5.0,Android,2,6990
Samsung,Galaxy A7 (2016),3300,5.5,1080,1920,8,3000,16.0,13.0,5.0,Android,1,9999
Videocon,Z55 Delite,2200,5.0,720,1280,8,1000,8.0,8.0,5.0,Android,2,6390
Videocon,Infinium Z45 Amaze,1600,4.5,480,854,4,1000,8.0,2.0,0.3,Android,2,2999
Micromax,Canvas Pace 4G,2500,5.0,854,480,4,1000,8.0,5.0,2.0,Android,2,7499
Lava,X10,2900,5.0,720,1280,4,3000,16.0,13.0,5.0,Android,2,12000
Intex,Cloud Zest,4000,5.0,720,1280,4,1000,8.0,5.0,2.0,Android,2,4999
Lava,Iris Atom 2X,2000,4.5,480,854,4,1000,8.0,5.0,0.3,Android,2,2999
Samsung,Galaxy J3 (6),2600,5.0,720,1280,4,1000,8.0,8.0,5.0,Android,1,4999
Intex,Aqua Air,2300,5.0,480,854,2,512,8.0,2.0,0.3,Android,2,4090
Micromax,Canvas Xpress 4G,2000,5.0,720,1280,4,2000,16.0,8.0,2.0,Android,2,4050
Micromax,Canvas Blaze 4G+,1750,4.5,480,854,4,1000,8.0,8.0,2.0,Android,2,3799
Intex,Aqua Super,2150,5.0,720,1280,4,3000,16.0,8.0,2.0,Android,2,5849
Intex,Aqua Wave,1400,4.0,480,800,1,256,0.512,0.3,0.3,Android,2,2199
Intex,Aqua Q7,2000,4.5,480,854,4,512,8.0,2.0,0.3,Android,2,2199
iBall,Andi Sprinter 4G,2100,5.0,480,854,4,1000,8.0,8.0,3.2,Android,2,4699
Gionee,S Plus,3150,5.5,720,1280,8,3000,16.0,13.0,5.0,Android,2,6490
InFocus,M535,2600,5.5,720,1280,4,2000,16.0,13.0,8.0,Android,2,6990
HTC,Desire 828 Dual SIM,2800,5.5,1080,1920,8,2000,16.0,13.0,4.0,Android,2,7999
HTC,Desire 728G Dual SIM,2800,5.5,720,1280,8,1000,16.0,13.0,5.0,Android,2,11586
Intex,Aqua Young,2500,5.0,480,854,4,1000,8.0,5.0,0.3,Android,2,4900
Intex,Aqua Play,1400,4.0,480,800,2,512,8.0,0.3,0.3,Android,2,4299
Xolo,Black 1X,2400,5.0,1080,1920,8,3000,32.0,13.0,5.0,Android,2,9999
InFocus,M260,2000,4.5,480,854,4,1000,8.0,5.0,2.0,Android,2,2490
Karbonn,Alfa A91 Power,2000,4.0,480,800,1,256,0.512,2.0,0.3,Android,2,2599
Oppo,Neo 7,2420,5.0,540,960,4,1000,16.0,8.0,5.0,Android,2,8200
Samsung,Galaxy On7,3000,5.5,720,1280,4,1000,8.0,13.0,5.0,Android,2,9977
Micromax,Bolt Q332,2000,5.0,480,854,4,512,2.0,5.0,2.0,Android,2,2399
Samsung,Galaxy On5,2600,5.0,720,1280,4,1000,8.0,8.0,5.0,Android,2,4655
Lenovo,A1000,2000,4.0,480,800,4,1000,8.0,5.0,0.3,Android,2,3549
Lenovo,A6000 Shot,2300,5.0,720,1280,4,2000,16.0,13.0,5.0,Android,2,5990
Lava,Iris Fuel F1,4000,5.0,480,854,4,2000,8.0,8.0,2.0,Android,2,8700
Intex,Aqua Life III,2000,5.0,720,1280,4,1000,8.0,5.0,0.3,Android,2,5300
Intex,Cloud Swift,2500,5.0,720,1280,4,3000,16.0,8.0,5.0,Android,2,9300
Zopo,Speed 7 Plus,3000,5.5,1080,1920,8,3000,16.0,13.2,5.0,Android,1,6499
Micromax,Bolt S302,1450,4.0,480,800,4,512,4.0,2.0,1.3,Android,2,2240
Micromax,Bolt Q331,2000,5.0,480,854,4,512,4.0,5.0,2.0,Android,2,2999
Samsung,Z3,2600,5.0,720,1280,4,1000,8.0,8.0,5.0,Tizen,2,4990
Panasonic,P65 Flash,2910,5.5,720,1280,4,1000,8.0,8.0,2.0,Android,2,8499
Panasonic,P50 Idol,2150,5.0,720,1280,4,1000,8.0,8.0,2.0,Android,2,3899
ZTE,Axon Mini,2800,5.2,1080,1920,8,3000,32.0,13.0,8.0,Android,1,5900
iBall,Andi 4.5C Magnifico,1700,4.5,480,854,2,512,8.0,5.0,2.0,Android,2,3840
Microsoft,Lumia 550,2100,4.7,720,1280,4,1000,8.0,5.0,2.0,Windows,1,5398
Microsoft,Lumia 950,3000,5.2,1440,2560,6,3000,32.0,20.0,5.0,Windows,1,41390
Microsoft,Lumia 950 XL,3340,5.7,1440,2560,8,3000,32.0,20.0,5.0,Windows,1,24999
Micromax,Bolt Q339,1650,4.5,480,854,4,512,4.0,5.0,2.0,Android,2,2999
LG,V10,3000,5.7,1440,2560,6,4000,64.0,16.0,5.0,Android,1,14999
Videocon,Infinium Z51 Punch,3000,5.0,480,854,4,1000,1.0,8.0,5.0,Android,2,5399
Videocon,Infinium Z51Q Star,2000,5.0,480,854,4,1000,8.0,5.0,2.0,Android,2,2799
Vivo,Y15S,1900,4.5,854,480,4,1000,8.0,5.0,2.0,Android,2,4999
Samsung,Galaxy J1 Ace,1800,4.3,480,800,2,512,4.0,5.0,2.0,Android,2,4300
Vivo,Y27L,2260,4.7,720,1280,4,1000,16.0,8.0,5.0,Android,2,9001
Micromax,Canvas Play 4G,2820,5.5,720,1280,4,2000,16.0,13.0,5.0,Android,2,4499
Lava,Iris Fuel F1 Mini,2000,4.0,480,800,1,512,8.0,5.0,0.3,Android,2,2499
Micromax,Canvas Blaze 4G,2000,4.5,480,854,4,1000,8.0,5.0,2.0,Android,2,3199
Gionee,Pioneer P3S,2000,4.5,480,485,4,1000,16.0,5.0,0.3,Android,2,3299
Micromax,Bolt Q338,2000,5.0,720,1280,4,1000,8.0,8.0,5.0,Android,2,4970
Intex,Aqua Power II,4000,5.0,720,1280,4,1000,8.0,5.0,2.0,Android,2,5990
Micromax,Canvas Juice 3+,4000,5.5,720,1280,4,2000,16.0,8.0,5.0,Android,2,5990
Intex,Aqua Glam,1850,4.7,720,1280,4,1000,8.0,8.0,8.0,Android,2,4295
iBall,Cobalt Solus 4G,2000,5.0,720,1280,4,2000,16.0,13.0,8.0,Android,2,3999
Micromax,Canvas Juice 3,4000,5.0,720,1280,4,2000,8.0,8.0,2.0,Android,2,4290
HTC,Desire 728 Dual SIM,2800,5.5,720,1280,8,2000,16.0,13.0,5.0,Android,2,5999
Lenovo,Vibe P1m,3900,5.0,720,1280,4,2000,16.0,8.0,5.0,Android,2,6999
Sony,Xperia Z5 Premium Dual,3430,5.5,2160,3840,8,3000,32.0,23.0,5.0,Android,2,57500
Acer,Liquid Z530,2420,5.0,720,1280,4,2000,16.0,8.0,8.0,Android,1,5750
Micromax,Canvas Fire 4G,1850,4.5,480,854,4,1000,8.0,5.0,2.0,Android,2,3999
Intex,Cloud V,2000,5.0,480,854,4,512,8.0,8.0,2.0,Android,2,3699
iBall,Andi 4.5 O'Buddy,1800,4.5,480,854,4,1000,1.0,8.0,3.2,Android,2,4995
Videocon,Z55 Dash,2200,5.0,720,1280,8,1000,8.0,8.0,5.0,Android,2,5499
Intex,Aqua Turbo 4G,3000,5.0,720,1280,4,1000,8.0,5.0,2.0,Android,2,5649
Zopo,Speed 7,2500,5.0,1080,1920,8,3000,16.0,13.2,5.0,Android,2,3990
Panasonic,Eluga Switch,2910,5.5,1080,1920,8,2000,32.0,13.0,8.0,Android,2,14990
Intex,Aqua 3G Neo,1500,4.0,480,800,4,512,4.0,2.0,0.3,Android,2,2399
Lenovo,A2010,2000,4.5,480,854,4,1000,8.0,5.0,2.0,Android,2,6000
Lava,Flair P1i,1400,4.0,400,800,1,256,0.512,2.0,0.3,Android,2,2222
Panasonic,T45 4G,1800,4.5,480,854,4,1000,8.0,5.0,0.3,Android,2,4650
Panasonic,Eluga I2,2000,5.0,720,1280,4,1000,8.0,8.0,2.0,Android,2,5830
Panasonic,Eluga L2,2500,5.5,540,960,4,1000,8.0,8.0,2.0,Android,2,3990
Lava,Iris Atom 2,1750,4.5,854,480,4,512,8.0,5.0,0.3,Android,1,4299
iBall,Andi 5U Platino,2000,5.0,540,960,4,512,8.0,8.0,0.3,Android,2,3499
Intex,Aqua Sense 5.0,2000,5.0,540,960,4,512,8.0,5.0,0.3,Android,2,3899
Philips,Xenium S309,1600,4.0,480,800,2,512,4.0,5.0,0.3,Android,1,3199
Intex,Cloud Pace,1700,4.5,540,960,4,2000,16.0,8.0,5.0,Android,2,4499
Blu,Win HD LTE,2500,5.0,720,1280,4,1000,8.0,8.0,2.0,Windows,2,4500
Intex,Aqua Q1+,1600,4.5,480,854,4,512,8.0,5.0,1.3,Android,2,4449
Intex,Aqua Dream II,2300,5.5,720,1280,4,1000,8.0,8.0,2.0,Android,2,8200
Asus,ZenFone 2 Laser (ZE601KL),3000,6.0,1080,1920,8,3000,16.0,13.0,5.0,Android,2,8999
Intex,Cloud 4G Star,2300,5.0,720,1280,4,2000,16.0,13.0,5.0,Android,2,5999
Lava,Iris X5 4G,2500,5.0,720,1280,4,2000,16.0,13.0,8.0,Android,1,6999
Asus,ZenFone 2 Laser (ZE500KL),2070,5.0,720,1280,4,2000,8.0,13.0,5.0,Android,2,5990
Sony,Xperia M5,2600,5.0,1080,1920,8,3000,16.0,21.5,13.0,Android,1,5999
Sony,Xperia C5 Ultra,2930,6.0,1080,1920,8,2000,16.0,13.0,13.0,Android,1,25990
Lava,Iris X1 Selfie,2000,4.5,854,480,4,1000,8.0,8.0,5.0,Android,2,2999
InFocus,M808,2450,5.2,1080,1920,8,2000,16.0,13.0,5.0,Android,1,4490
Panasonic,Love T10,1400,3.5,480,800,2,512,4.0,2.0,0.3,Android,2,2000
iBall,Andi HD6,3000,6.0,720,1280,4,1000,8.0,8.0,5.0,Android,2,5000
Lava,Flair Z1,2000,5.0,480,854,4,1000,8.0,5.0,2.0,Android,2,2999
Intex,Aqua Y2 Power,2900,4.0,480,800,4,512,4.0,5.0,2.0,Android,2,4050
LG,Max,2540,5.0,480,854,4,1000,8.0,8.0,5.0,Android,2,3999
Karbonn,Titanium Mach One Plus,1800,4.7,720,1280,4,2000,16.0,8.0,5.0,Android,2,3990
Panasonic,T33,1500,4.0,480,800,4,512,4.0,3.0,0.3,Android,2,2990
iBall,Andi 3.5V Genius2,1250,3.5,320,480,1,256,0.512,2.0,0.3,Android,2,2499
Spice,XLife 406,1450,4.0,480,800,1,512,4.0,3.2,1.3,Android,2,3500
Micromax,Bolt D303,1300,4.0,480,800,2,512,4.0,3.2,0.3,Android,2,2984
Vivo,V1,2300,5.0,720,1280,4,2000,16.0,13.0,5.0,Android,2,15300
Panasonic,Eluga Z,2050,5.0,720,1280,8,2000,16.0,13.0,5.0,Android,2,5529
Xolo,Era,2100,5.0,854,480,4,1000,8.0,8.0,2.0,Android,2,3699
Intex,Aqua Y2 Ultra,1400,4.0,480,800,4,1000,8.0,5.0,0.3,Android,2,3599
Intex,Aqua A2,1500,4.0,480,800,4,512,8.0,5.0,0.3,Android,2,2599
Videocon,Infinium Z51 Nova+,2000,5.0,480,854,4,1000,8.0,8.0,5.0,Android,2,2940
Intex,Aqua Y4,1700,4.5,480,854,2,512,4.0,5.0,2.0,Android,2,2999
iBall,Andi4 B20,1250,4.0,480,800,1,256,0.512,2.0,0.3,Android,2,2498
iBall,Andi Avonte 5,2150,5.0,480,854,4,1000,8.0,8.0,0.0,Android,2,3999
